read_hr,write_hr,overall_hr,workload,cur_mean_read_size,cur_mean_write_size,cur_mean_read_iat,cur_mean_write_iat,misalignment_per_read,misalignment_per_write,write_ratio,mean,max,wmean,bits,rate
82.03169244032969,34.036440491921866,76.650788571761,w81,32.891565606494986,-3.4209049465334664,20.95784037103451,-46.59336135712082,16.76122531757442,2.5761473431609785,46.282942899817975,24.21199826310531,46.59336135712082,36.18876429051164,4,5
80.4897802083747,8.511793352861824,72.42004360118752,w81,45.649725389047205,18.74784437099118,23.73619424728321,-0.7982504699214996,22.810762194348353,8.523115729377464,27.774326378284524,21.14860268275049,45.649725389047205,29.47719770469775,1,80
78.99136737292879,5.426626205588831,70.74377282033674,w81,66.73013591706105,42.57802077109481,38.64854079763498,15.3259315980918,33.252570506395834,28.945662625285173,29.302254772263872,36.39758814111822,66.73013591706105,42.37564823725428,2,5
80.7488871574892,8.403965958144571,72.6380157508875,w81,71.56895379017102,32.17558479660118,35.62099512984371,10.20929608185234,35.76491921321976,17.316107807185602,50.05660947988334,36.10178089982242,71.56895379017102,45.96175955545677,1,40
81.9841303378146,25.61007885113178,75.66384873587553,w81,80.57743377963197,51.29018530090343,48.03759128174838,-5.723811095406026,40.354827630902655,27.902091601076656,60.12768007204012,44.85908868024418,80.57743377963197,55.68597575348487,1,1
80.75889021287138,15.017830818183247,73.38840683125476,w81,77.03197982093286,47.129901883991465,39.18556553782802,6.764767555061643,38.54331791646124,25.485681427256182,51.49603934447688,40.80532192657261,77.03197982093286,50.84551611549864,1,20
80.0862076257682,0.682228741666041,71.17632585042699,w81,79.03835158920468,52.85362878443892,37.23590880110552,23.655221673310326,39.62242043154766,28.15086362471655,42.62830707856266,43.31210028326948,79.03835158920468,50.02306944626689,1,10
79.51356570033435,30.070994854899208,67.22771698014856,w81,65.41394479361554,5.055782577402258,38.862703022772926,14.471371984480822,32.6628874012308,10.65297611704353,35.80037766355046,28.988577651442334,65.41394479361554,41.82086899738394,2,10
78.5382245320425,29.2384598976253,66.45496976273934,w81,62.64368606724547,30.272584408902045,32.12315116238669,31.96336433078846,31.40630927952778,19.68521555697506,13.954759860313505,31.721295809448435,62.64368606724547,38.11235751758286,2,20
80.95815191390618,25.05795896645163,74.69100873772425,w81,67.72633294653508,25.79597647957615,34.996985401866105,-15.08056087347184,33.5178310768432,20.14747934321668,55.73285002162423,36.14257373473333,67.72633294653508,44.82255453534895,2,1
79.17551067583655,16.006537583736506,68.50479380200291,w81,55.87865090753278,23.753477047934837,28.207987817432777,5.196710730462902,27.861063360786645,14.73354197005853,18.433031812958156,24.86635194959523,55.87865090753278,33.5648088542345,2,40
79.66751544179783,4.7779022535953715,71.27133316061683,w81,9.659308599950899,2.31478676923579,6.270224908397609,-6.013884334315162,4.729652075534621,-2.340215415464193,5.573206664019369,5.271611252416806,9.659308599950899,6.3154953665105005,4,80
79.56190941353387,13.932397355619853,69.08079998643338,w81,79.92059042775918,57.32371753007857,38.054673777328944,34.36899602217105,40.07771635422878,28.05714970866131,32.74208301971658,44.36356097713492,79.92059042775918,50.77579791281542,1,5
79.32971968286739,3.391401645730964,70.81561230131747,w81,23.841278172081733,17.18424983855658,11.659620947417887,-4.547006742218561,12.061666490502398,0.018917675132236012,7.007329542138562,10.902867058292566,23.841278172081733,15.918667939973277,4,40
79.74358284665996,0.6088036739859841,70.85302393430912,w81,29.768416609938942,10.081386202470252,14.125670066140525,2.7594067746607407,14.808969537884739,4.04550405404487,12.515836354066352,12.58645565702949,29.768416609938942,18.015507423334633,2,80
81.62982466440774,15.970182665818415,74.26847712772019,w81,32.146765130350325,23.11552089806009,22.03455960602052,-94.07102344355773,16.019147603136066,6.531973069753015,18.399628616889633,30.33123119539534,94.07102344355773,54.35438148362927,4,10
81.61781478055102,20.985845397516968,74.82019529208826,w81,32.40004913761264,-35.07936824034342,4.415952467062503,-48.94433783832313,17.545530615766545,7.304507838006473,45.61480579246232,27.32922170422529,48.94433783832313,37.30850111888776,4,1
82.07054248322635,24.581057706976956,75.62518038708592,w81,29.221554041341253,8.185063657491174,20.504976599152048,-66.52578937111883,14.844153678449093,4.469518147556708,31.243664926460134,24.99924577450989,66.52578937111883,39.90703991848747,4,20
10.026999786186185,2.406111483823274,2.043634649457241,w98,0.16374720553774735,20.26630222465763,35.30527427606508,-12.499141018144233,3.896699266503667,14.397586033479415,-1.80477337398426,12.619074771196006,35.30527427606508,23.084924207179967,4,1
3.424923783607106,1.7645360528875036,2.27002455835398,w98,6.271600380608512,23.794617678395635,-34.66909927009669,-17.771429680330403,3.1993046209062403,13.142952882700076,-1.369315133241895,14.31690280661135,34.66909927009669,23.031066091436443,4,5
0.8966122420426914,0.4493727150508216,0.5850774934910226,w98,1.187795723873966,6.13728670452621,1.1465359059180633,-3.776273882153853,0.7124139881232949,3.449601796549906,-0.38131822546510097,2.398746603801485,6.13728670452621,4.00236556396373,4,80
1.1826259909398178,1.1387986672860788,1.1491608082008948,w98,3.2014426344987945,17.26390540638903,4.723529818622862,-10.273477195286834,2.058038716582178,9.047657848799862,-1.0254536322935146,6.799072178924723,17.26390540638903,10.995091047321552,4,40
0.38905552701884033,0.5410304677508164,0.4907921094887081,w98,5.0016325967796424,22.2995584759788,0.14724678836451727,-9.336100014930421,2.8003442089756914,11.21331832404614,-1.6283731445784073,7.489510507664803,22.2995584759788,14.223762226653903,4,20
3.7584895159766223,1.3869910230015494,0.4032333477837804,w98,6.2448297814331175,27.05864640381114,-15.951675852319195,-10.837944681935001,3.0842144688697504,11.836198789943397,-1.9351194740253732,10.992661350333853,27.05864640381114,16.848096306881313,4,10
0.3582729690195391,0.1533272517091244,0.21577427232421295,w101,10.873307101814117,37.15201742555711,0.14106996203154476,-13.531760935365426,5.50758862898888,18.75557959452965,-2.6292599515761768,12.655797657123271,37.15201742555711,23.37322865535792,1,80
0.8913618835784314,4.380004131736971,2.909270819231904,w101,1.3675735544547973,25.031190130542665,-29.398713478801277,-1.113840584865248,3.684732319894246,13.398068904981352,-2.7279918729387687,10.960301549496908,29.398713478801277,22.085982195364295,4,1
1.0863474705112228,0.3968642124088394,0.6024870144754759,w101,26.863867900957946,63.763358416458075,0.15964789841926955,-23.90754730024874,13.511445940835976,32.228233770968785,-4.562294899914868,23.570913732543378,63.763358416458075,40.00731224189872,1,40
0.8748713627835044,0.3090533737663714,0.3196370990456944,w101,22.812400953999397,59.17320969809879,-20.795241921434847,-17.581046697680897,11.747063234191458,29.945071976788885,-4.371716697459177,23.77510731137906,59.17320969809879,34.95386001739998,2,1
1.8091495143234568,0.4521310837865063,0.8400513646565793,w101,35.69054770614663,72.39156086252258,1.5792998085784717,-29.884692248510596,18.045702029368094,36.53696780884266,-5.236655179597482,28.480775091938074,72.39156086252258,45.634603918151065,1,10
1.3905870731567267,0.42891333603892334,0.7259926057030178,w101,36.550204064403474,73.60054009858204,4.878939481952063,-25.410423384669166,18.80309344446225,37.167594610643775,-5.2975860569528725,28.815483020237952,73.60054009858204,45.53852133100569,1,5
3.4731335890531656,2.2661794217995963,2.617158150427581,w101,54.18960337848427,85.3318872477468,-32.514523322680496,-27.727958145619052,27.390236857307915,42.690364213059176,-6.328565443360936,39.45330551546552,85.3318872477468,53.07113165161972,0,1
2.2406241693761944,0.7844845260140403,1.2121651409809915,w101,32.904765782331076,70.02248177092005,3.6325318306698713,-27.188269919824165,16.59372681426682,35.58731087985368,-5.052968502714041,27.2831507857971,70.02248177092005,43.48895401428445,1,20
2.0226688023231283,1.2033410250234164,1.445015472446311,w101,19.68146779644633,54.429545562512196,0.3781783051710951,-17.16887861389662,9.986030834689663,26.817653141233645,-3.9788875248233455,18.92009168268184,54.429545562512196,33.82336293496746,2,20
8.598392277515536,2.7369639381740116,4.44303371365597,w101,22.56967411834671,59.75599462076963,-0.11669612013798489,-11.947532585434686,11.386113886113892,28.248861346904864,-4.552889507633594,19.796823169334484,59.75599462076963,37.31693104241976,2,5
0.5893311112198252,0.10386500533057384,0.2366963309184171,w101,41.70674417374502,77.90907163609549,3.174937455639571,-28.832927966687485,20.956382403905273,38.87608580188834,-5.713070955463494,31.024174341917814,77.90907163609549,48.965747019601615,0,40
4.1858008072430355,1.757039505466469,2.4820601443679617,w101,21.593601790353066,57.64360652777094,-2.034384918186533,-16.817063398369864,10.944765213836805,27.897407884958614,-4.36032459415192,20.18445061823254,57.64360652777094,35.338992463909285,2,10
0.26217408244561885,0.1367474756642233,0.04425828742784595,w101,48.81940862532345,82.41079340540051,3.520681732293949,-31.348062485289827,24.492076391710683,41.20904696112204,-6.046632421884705,33.9781002890036,82.41079340540051,52.57411082173367,0,20
0.916078335477136,0.5695342987804363,0.6681561469812827,w101,53.10621853952671,84.80966523350428,-6.168875036731176,-30.432004857012547,26.764844764490615,42.44249887749844,-6.230810181822833,35.70784535579809,84.80966523350428,54.14439316117236,0,5
4.308501265512506,1.6540825843750218,0.3333416335796177,w101,36.03357415708906,74.01334123571226,10.002019611025192,-25.91127828472466,19.522109855244896,37.70888939331084,-5.389460585606739,29.797239017530526,74.01334123571226,44.9703567617635,1,1
0.2734278800151697,0.25426727897038753,0.10908974708844923,w101,15.83789492376562,46.80792919200103,-1.9662197380089745,-15.775900961200838,7.824445589112406,23.582100190625997,-3.3726505246461165,16.45244873133728,46.80792919200103,28.85613343783692,2,40
0.08874242524371946,0.2717732854597979,0.21504315721717424,w101,1.3487773568568893,6.794077826430034,2.2368831468648263,-2.636290651948668,0.7513260432130631,3.386180023351859,-0.44944150070624006,2.514710935624511,6.794077826430034,4.0995948564806035,4,80
0.7597526738410985,0.3019923185926181,0.10493109584853064,w101,51.76360097848264,84.02090843314029,2.789728790950078,-30.544672252991212,26.07735984047006,42.212814025512515,-6.158312261729647,34.79534236903949,84.02090843314029,54.11076518842746,0,10
0.6773466401362044,0.756002849518952,0.35509287111332516,w101,4.626699614905894,18.429722680654987,4.39675289497184,-6.764301160662344,2.1296064271666304,8.880383044994621,-1.1974425476943158,6.6321297672929465,18.429722680654987,11.006559770791478,4,40
0.16550886441335663,0.04240310162002481,0.07981228459142,w101,6.118544393231439,22.935568176145953,-1.0459995967007036,-7.863251929864045,2.9458769380027117,11.390870969676515,-1.6060648611985373,7.700882409259987,22.935568176145953,14.236054947244265,2,80
1.996534871683704,0.5103733388209534,0.4396910486663658,w101,6.7804171085788685,26.794733310662913,-1.1934655158561325,-8.61495172532845,3.372594256572159,12.744255524010494,-1.9911248858989568,8.78450604670114,26.794733310662913,16.54420304351263,4,5
2.2351682467528478,0.2825045407960842,0.6512898002275422,w101,6.686323309638748,23.762119011639232,8.322224917322709,-5.996534243475655,2.7785421635173946,10.981921469564504,-1.7979321043708545,8.61794245993273,23.762119011639232,14.025862393421093,4,20
7.274990035083041,0.933688842230576,1.963908404717144,w101,7.9756995092719505,29.08892067175248,7.183726318464633,-5.008488384018578,3.16067131486395,11.491454549025859,-2.3116888229517816,9.460092795764178,29.08892067175248,17.122381788836194,4,10
0.9877993890743182,0.17522242636459437,0.4073677595710606,w101,19.340962049849963,53.82483536846027,0.5607288485832099,-20.565020228387667,9.697860151860194,27.06472555924876,-3.8625541551436764,19.273812337361964,53.82483536846027,33.61991386936669,0,80
14.47670655773357,74.4228470293438,29.101439268782325,w92,69.91043231083493,15.4148920540935,36.473214832523006,-153.85468812296574,35.20518493812759,19.02019513009514,84.55737372981213,59.20514015977886,153.85468812296574,93.80886793911738,2,1
3.5448180949986097,15.032529609681834,6.349994555964735,w92,25.973590735392808,16.401112013769445,13.662809208229952,8.046504711620814,13.074948343564033,2.228502065289302,1.941612501079662,11.618439939849432,25.973590735392808,16.903336990606032,4,40
2.809478005433293,16.05448004643344,6.050607250645239,w92,32.09925844485533,6.393819695935149,15.89164126046902,5.103966381802288,16.052222458315697,1.3811098619026518,14.714465193284717,13.09092618522355,32.09925844485533,19.92585036364538,2,80
14.143617644124472,69.76786543296157,27.748385211950602,w92,81.76571314715765,55.98209618502374,40.728480356637576,49.39980192036834,40.981586295408036,23.462079629758403,29.199492209239143,45.93132139194184,81.76571314715765,52.87816028540131,1,5
12.625706951373594,68.31877243567592,26.21002154541718,w92,90.35549393509181,62.14828990869678,45.41864133142708,-178.48598985891743,45.15076577327573,34.371207379001,87.78261776522332,77.67328656451902,178.48598985891743,104.60001082357446,0,1
9.272766010304062,17.41745709015837,11.24415013439703,w92,31.79531513016031,-6.848728011302835,18.981049212449634,-45.6842132685566,16.082039688997828,8.908584902760332,37.479032852563556,23.682709009541583,45.6842132685566,31.655690220168733,4,20
8.86528425861134,17.15542597452152,10.86853310888764,w92,34.62183741527512,26.303601800004362,20.696398846991716,-48.38303046605958,17.32620850664785,12.610574144920898,21.265805395485383,25.88677951076927,48.38303046605958,30.745248136395855,4,10
2.0725460430225495,6.851151403295253,3.2381070818998925,w92,65.41723768378502,26.559399381758347,33.251701694324645,-0.7163011727737518,32.69387348728722,11.968382644256863,45.98484800970506,30.941677724841554,65.41723768378502,43.48154297432461,0,80
17.399974737383673,103.6067178770797,38.49769596142166,w92,65.34899427785835,18.05184404180934,33.358980006852555,40.595951871729326,32.7485771388482,14.156593269194905,7.0697190185308525,30.190094232117644,65.34899427785835,41.07341718388607,2,20
7.825447614133612,35.678940497666304,14.63070744230792,w92,85.01477442281175,43.116070797716326,43.13019878841856,-2.9509421312656725,42.49787655833992,16.827232894979034,62.06307838494906,42.22859628264005,85.01477442281175,57.159913975226516,0,40
3.3161345892645575,84.72832156179594,23.268955914835864,w92,67.95518036641846,-34.431484262824206,34.39119562118149,20.084918544282516,34.110244884797666,3.723472981349573,46.131105791821554,34.40394320752506,67.95518036641846,44.40954361608119,2,10
7.9168748316279975,7.560408242922145,7.7963843528132895,w92,88.33580266378738,49.94514297966807,44.73866881376981,-15.952909232092559,44.14316410869703,28.390258034526056,73.53597768504635,49.29170335965532,88.33580266378738,60.03890956614343,0,20
18.748729439102227,72.35525850234936,31.82959863223497,w92,34.89638739641407,-9.801190376324843,32.6982566745759,-212.01049841418134,18.959426493121814,5.964497015638652,75.19101332854656,55.6458956712576,212.01049841418134,137.04045537165936,4,1
10.115614916745988,60.97554762084921,22.56142050627499,w92,58.62104160478516,16.58286442700892,29.23165895677872,11.354386563602066,29.317401206458182,9.875654105083848,16.540400321593182,24.50334388361572,58.62104160478516,34.54603303755602,2,40
0.43900748531458,0.6486367729259448,0.49078769185502374,w92,10.716019890312667,0.38047585596945355,5.305232816443343,-8.283721251537868,5.255418659026186,0.7836149553371956,8.566082099854825,5.612937932640221,10.716019890312667,7.975314510822517,4,80
13.007014031451309,32.73582207867621,17.796156525810087,w92,89.49901137722067,55.57000235697369,45.22520217571718,-33.293113148880394,44.71322648979712,38.61987045032221,77.06813934215386,54.855509334437876,89.49901137722067,61.67400738036805,0,10
4.74536202018303,10.932911831975218,6.247872269525006,w92,73.91520453461217,27.87006994402083,37.60028004174448,-12.522190658286032,36.95408483480006,15.61830887811845,62.67271470858356,38.16469337145223,73.91520453461217,49.96461585729206,1,40
4.58667926969121,16.299109761687358,7.445297347165271,w92,80.94729344257688,52.80125285555321,41.46242656692768,18.19911605949713,40.5525379834545,28.19428284296661,47.69579153566842,44.264671612377775,80.94729344257688,51.97660580729774,1,10
3.3862696691909093,20.285528136303608,7.522946441468288,w92,79.07307873207917,47.8385171561688,39.94205666160913,-9.834095527598818,39.57739108369879,25.84275655498372,62.66366917466113,43.538794984399935,79.07307873207917,53.791455973700835,1,20
12.74910464914425,70.35967367475281,26.840028520020475,w92,35.249163778377515,-14.43057016765184,25.71986844502111,-160.63233764677526,18.14982685535984,4.013313173151027,74.67509947267901,47.552882791287935,160.63233764677526,101.6519348736946,4,5
1.7585357670223998,29.01730848407399,8.410548047230339,w92,69.17693749672236,41.797257035902746,35.424745985478,30.008098797012828,34.66111192627511,41.36242626716791,47.23550928001586,42.809440969796405,69.17693749672236,46.15568772075063,2,5
1.9609182060334516,6.611499828468419,3.095743596644314,w92,48.61343901117179,21.26784422050103,24.7457568112526,-3.0340481821865954,24.282537069647596,7.066980861846189,36.10952574112886,23.58859027110495,48.61343901117179,32.58613708252179,1,80
13.853586899614463,61.69478469787648,25.53290697091989,w92,89.99645925239149,56.576876135498985,45.52779075077988,-114.66660224035206,44.96611179309734,38.73073775438206,85.84623104750848,68.04440128200147,114.66660224035206,78.5476855199911,0,5
12.916492907956787,77.84665211178663,28.769499225900763,w92,82.4476994103344,33.85950102801223,42.55249392239096,-212.20045723078294,41.12006872397339,31.13897954567954,89.13955394684953,76.06553625828899,212.20045723078294,122.80799863856015,1,1
3.8359065174801525,6.877664501778303,2.025174618247526,w106,67.755808783724,46.45920423186439,40.70647559869399,0.33641149965787576,30.659781525861657,30.17046498256102,18.865368121414825,33.564787820539685,67.755808783724,45.169015226548694,1,1
0.9974802375899685,3.730628565143709,1.6137250906947675,w106,77.91022441635911,67.06649318381874,5.094055750493783,-24.89378510707189,39.35288587194537,31.155193131083365,13.260381800229224,36.96185989442878,77.91022441635911,53.756961396842534,0,5
5.130145989574225,2.078278434176648,1.3665212149600412,w106,47.301579068753554,27.84116194214096,9.724089144781795,-6.891500873551094,23.673049835714046,15.978217187416881,5.259556131699881,19.524164883436885,47.301579068753554,29.253126224828836,2,5
0.675645002721728,0.11369869560023857,0.3692280472164828,w106,26.964002367687304,16.779296444726093,5.502155478284995,-1.95710705341763,13.413488826047109,7.300011494732099,3.410645610919356,10.760958182259229,26.964002367687304,17.092882407151176,1,80
5.573856200702082,4.2205245076791265,4.8303378600969324,w106,20.599073834995973,-2.830133628053667,16.767527233252935,-38.779140297545574,9.328555157923416,5.391217885241206,9.911893737873026,14.801077396412257,38.779140297545574,23.46968143807202,4,5
2.3605484418335356,0.4215742095642375,0.9894823911778724,w106,53.59064149299576,34.38312268578957,8.70560109761926,-7.916315059805498,26.028322444232266,20.615529087480642,8.599224592858224,22.83410806582589,53.59064149299576,33.59030004457838,1,40
0.40926713265076226,1.3245139494640876,0.5680656640693083,w106,62.13034500796463,44.587053416281,-0.9627691842847625,-12.197040472944103,29.15355338327082,22.177936014976027,9.073926792064103,25.75466061025506,62.13034500796463,41.168728945004304,1,20
3.6353528713912278,2.9928061643537847,0.05952653994617135,w106,65.17151203893492,48.62543658968797,-2.5486374148868927,-13.612501648823198,29.432327184774618,20.44720693193062,10.704603213829943,27.22031786040974,65.17151203893492,43.048166896342806,1,10
3.0962047991745636,0.8559856528491362,1.8735318916210317,w106,46.60993238109513,27.006658324903572,9.83483573978082,-12.829767691743145,23.43180015478899,16.141651115303436,8.271244279366881,20.589412812425994,46.60993238109513,28.039292409079444,2,10
0.945820459449285,0.582177437633697,0.7467895362649843,w106,69.2008193078698,54.610799378037896,11.447523413132691,6.139088999194169,35.37395946060489,24.56541258799938,6.684791367391099,29.717484930604275,69.2008193078698,47.29918607928838,0,40
7.07626299938488,2.7846796620363747,3.0073847167891756,w106,5.534959606556095,-2.79340802165741,-7.594726036206283,-108.36931343551065,11.858379956347285,5.9379274374978985,3.03873286179834,20.73249247936771,108.36931343551065,82.8591774900825,4,1
2.429454443458074,0.30335536681634045,1.2706833671016649,w106,43.809956339269924,34.816334401367655,9.769386837022703,25.840362786228084,21.57477457663607,19.18059946611147,-1.402908512191012,22.342046131260986,43.809956339269924,30.24399506082137,2,20
0.7945816864674804,3.372440621758797,1.515534835014489,w106,76.90057335368395,62.50329563572316,12.824846073701634,-16.639326807451777,38.938174099044595,33.0753408207214,13.706004658847602,36.3696516355963,76.90057335368395,51.29754997775585,0,10
0.06488119132521857,0.12420777045525203,0.04605401425332591,w106,36.994270199442994,25.930983994115408,3.1492832158860073,12.95772391978277,18.43496302763307,15.343153463615115,2.13308328675483,16.420494443890025,36.994270199442994,24.34782100552281,2,40
0.07541578217916749,0.49417827130779846,0.30270840125139886,w106,4.235095245032349,2.1396474660748437,0.48405132977175813,5.366326749088548,2.1758384030474205,0.9982575410388195,0.07971094567079304,2.21127538281779,5.366326749088548,3.7007108874682175,4,80
2.4413466488026554,0.33590387647616055,1.0827090147734206,w106,74.79322516087916,60.02343663326316,11.415532310604934,-10.883113020616701,37.88819544416549,33.156651319638605,10.981546708924636,34.163100085441805,74.79322516087916,50.60208746860225,0,20
2.1577716922174925,0.17766237171373384,1.0426028546293382,w106,9.696026846402859,11.311405247537976,10.09506008370846,14.689507992966066,6.719624881856319,2.546198589402249,-0.9947037136671876,8.007503907934446,14.689507992966066,10.566492853747516,4,40
0.8934981106317745,0.5048979416477356,0.1338567876521827,w106,17.531645115060197,12.164114263348011,2.8112086853940945,7.085162892319782,8.182103634082662,4.1767336843949225,1.004665551830922,7.565090546632942,17.531645115060197,11.30810675817319,2,80
0.41672373473900964,5.887134721629267,3.3110725313122478,w106,79.01759659888623,63.6463990748527,29.539173194167972,-7.485165991637649,39.291389259980285,37.38331736396276,19.428094859506576,39.39873376328488,79.01759659888623,52.72835051985018,0,1
1.6734945790945288,3.5636017798717505,1.2113086096010464,w106,65.38597101960994,52.07889702885874,7.268915850250503,-4.846491028252152,32.003139554305434,25.46212485300311,10.986003058747038,28.290220341860984,65.38597101960994,44.72557873550976,1,5
0.8252770499468043,0.32241274405136,0.20591704082992315,w106,42.79781346541171,29.90071748826271,6.589504575988433,3.130893930036207,21.389810104586314,13.544736402258684,3.73431734472029,17.298256187323478,42.79781346541171,28.358422461397346,0,80
2.7522740906000176,3.131666518829508,2.953529717187657,w106,15.504102156121002,9.775760882437053,18.9534471487298,-5.3062743264109065,8.79460482856145,4.288773771543042,4.973443120234629,9.656629462005412,18.9534471487298,12.483003588202441,4,10
2.693087197410688,3.2959221991120824,3.0155424759857947,w106,13.05970828798561,-3.2934002342876645,13.367396774977347,-17.53281291672513,7.905104574012181,5.342383516051232,8.508705137521629,9.858501634508684,17.53281291672513,12.040645944329304,4,20
9.282165866227526,1.7377602187737649,5.16467798458504,w106,47.57481593181879,17.471180134416166,24.369254988228526,-5.195900122300377,23.3554388791729,21.591219038435916,16.038340480084177,22.22802136777955,47.57481593181879,28.65333657259974,2,1
2.0675536330557684,2.5214257630656207,0.21698489930553194,w95,76.2805530049288,51.41041780074295,61.09258184687192,27.4805214936382,7.034195725003029,6.5589930056282,23.712704181123446,36.224281008276655,76.2805530049288,53.65000137686834,0,40
5.779000849935327,13.9431965367222,5.80528527454387,w95,23.121437126831214,7.110759479476363,34.54266584069278,46.22465729313156,2.846126192028418,1.7727455411361408,0.9816413759007818,16.657147549885323,46.22465729313156,33.68168125954933,4,5
4.698816026434718,7.0509682447425925,1.0730502904814572,w95,54.07991352661254,13.210444032416603,25.443529895354878,12.360051711928103,5.170878276080953,2.075016576085502,18.169533431162368,18.64419534994871,54.07991352661254,32.64495625667657,2,10
2.8980210585923207,4.704191399951355,0.968238543880655,w95,52.48965538220563,13.40154804149419,2.091625915668579,-5.324935559616676,5.05162256412455,3.1310402877166066,18.3681794110607,14.265515308840987,52.48965538220563,33.44937069883148,2,20
0.7607843805754948,1.052293395700905,0.23156957365543257,w95,45.93577462926486,18.228708798890683,-3.3757884897659647,5.751902492332676,4.356990040952439,2.4328963710310454,13.540513437547562,13.374653465683606,45.93577462926486,28.786961028409888,2,40
0.28468489599212715,0.20739137773040492,0.047269030299668224,w95,5.040118028321733,1.8462269444613328,-1.3692151602550213,1.7595198315976246,0.46517335892273814,0.32305001717996057,0.9518321865734891,1.6793050753302716,5.040118028321733,2.978165233419525,4,80
5.076279394016978,5.801154034021289,0.3763202998246042,w95,82.86813371355323,62.487269402318034,75.13172574808954,44.23393058729409,7.730194656506282,8.324767020535866,24.290059216490295,43.580868620683916,82.86813371355323,62.58404035659749,0,10
4.6704347709843805,6.222822422127627,0.7248109060775669,w95,81.21541790612902,59.30254285554818,58.19383162872552,32.12834639131614,7.543807656723102,7.6716793023837715,23.688945176522157,38.53493870247827,81.21541790612902,56.380812949857976,0,20
11.776651498129555,15.41192767099065,1.7183613809863443,w95,83.73396750318952,63.95110027469991,76.99981987790284,48.92698416806984,7.820196062318131,9.11760117882466,19.376699512602737,44.2751955110868,83.73396750318952,64.34975273134538,0,5
3.7648607862472425,7.025971806298206,1.644821593510772,w95,15.47408535785134,5.8641914217323245,4.62279568777431,6.818005329859188,1.2884004953475725,1.8971731226079533,0.3838355407703414,5.1926409937061475,15.47408535785134,9.549175105371107,4,40
14.059980418514982,26.448932325283486,5.992798230282038,w95,72.40656408763472,54.47077198939937,83.90773153806201,-41.48453925037374,6.649270991195139,2.823933995887349,31.910168108826134,41.95042570876835,83.90773153806201,61.43883222915381,1,1
1.2095843962400168,1.597743272310561,0.17661018170449866,w95,22.32734577891372,10.761969656880973,12.089540497144657,5.142059804507727,2.1367114895394246,1.2928480608527486,3.6984671939681584,8.206991783115344,22.32734577891372,14.044536691521929,2,80
4.837964239932733,1.9782661881698336,1.3650771545772933,w95,20.700869920958507,11.821043791059392,51.25577972398554,8.081772236621479,2.0534754657268803,1.5474781360680712,5.528330287546651,14.426964223138071,51.25577972398554,32.656181896850875,4,10
0.8209015404661799,0.8219081350374753,0.010770425932053351,w95,51.31525619908899,26.53290942397739,34.373761379781016,13.137843973686627,4.822497225835742,3.152958828491514,14.56991083942709,21.12930541004119,51.31525619908899,33.37875356308456,0,80
1.499254893489956,3.8096524967151737,2.3435371070143654,w95,55.85520000291044,17.56027175766286,-6.937533259857612,10.348208058951103,5.839498416095049,2.55965880453714,20.639001287002863,17.10562451243101,55.85520000291044,33.823471801503295,2,5
5.666774184061825,11.083440591270705,2.8336693852762127,w95,24.4716999003306,-4.726726755260894,-17.182192524722467,3.865040377675763,1.9309515158339863,0.7091422294283116,5.831502402837798,8.388179386584259,24.4716999003306,16.51320696073051,4,20
2.9056789413870576,2.5914287698533713,0.13810220145904195,w95,72.43021133130168,47.325010114797124,69.96542094642096,21.46596119682078,6.721702365760632,5.3307666033682315,24.28193319530283,35.36014367911032,72.43021133130168,54.560825284400174,1,5
2.845529498990954,0.7099803088510054,1.2867691705419726,w95,84.26584245014787,64.38044066002207,45.865998164966236,31.45720249923589,7.8335593790605405,9.101968275895814,28.246815718878945,38.735975306886765,84.26584245014787,56.35555532916644,0,1
0.1841685700230875,0.17520540154459852,0.012569526786658153,w95,35.75768347560007,17.596810920390553,20.37029990619425,8.977217239519522,3.315918596031521,2.0088739596927474,8.431960121733203,13.779823459880266,35.75768347560007,22.49591407815151,1,80
18.56229480518087,27.684271469229262,4.1761352592199374,w95,55.730361547705996,41.16916608630514,85.35995835376796,-104.12886191890668,5.184345837787665,-5.360880086172373,26.533305222716987,46.2095541504804,104.12886191890668,73.23639638654136,2,1
2.506209232396062,4.137937313385073,0.7645773578925097,w95,61.2411627877999,34.834238869441144,50.40970648108779,20.167883576228434,5.637546091264242,4.32822960021785,15.759849740796502,27.482659592405124,61.2411627877999,42.67976730312868,1,40
35.38171082537566,48.63697503170813,6.251620144294455,w95,32.38665180146176,-84.32178291738532,79.51863456834333,35.69960498500117,3.3579656072630666,3.301597639414084,8.393089040479683,35.28276093704978,84.32178291738532,64.17279524324736,4,1
0.6436018329319402,1.2368323342481775,0.4391716243719486,w95,68.02864317410064,42.021252331467956,41.55787330566971,16.93858022165129,6.244142461968487,4.851766374541735,20.10928663879262,28.535934929741778,68.02864317410064,44.428025106084036,1,20
1.7556603340935302,1.8868664413599165,0.10986659065901654,w95,70.95455916607305,42.517885323365036,68.76995616937734,29.559254555947106,6.528679125895241,4.853764119554798,22.770829914538265,35.13641833925012,70.95455916607305,52.977469891006194,1,10
1.8146956647577865,9.236323566325318,0.9118303208874571,w91,63.565576253497674,58.34683572344675,45.4456615852714,42.0073774627486,31.873084130592222,33.26314327882628,14.567915396063952,41.29565626149241,63.565576253497674,47.08007443132172,1,20
3.1169846106496557,19.13190403404909,2.4710132979091006,w91,66.29472934168412,55.59580034501765,48.5888666943421,50.314832126965314,33.140339163005514,38.09929705850089,28.129113372071867,45.737568300226776,66.29472934168412,49.09821267153977,1,10
7.957783952481143,43.884549389057014,4.483804271760376,w91,12.427274415740454,-23.211842359106218,20.666648057269892,38.41718894851179,11.66116069018926,6.053855131360124,-7.927292266926266,17.195037409872004,38.41718894851179,23.525818604502714,4,1
0.7740475393047347,3.7487692589100714,0.32208197306030667,w91,56.958601065554085,53.783485807289736,40.7401580421969,42.10031857643602,28.425112448616893,28.035111222365515,7.597897731535609,36.80581212771354,56.958601065554085,43.55222629528025,1,40
31.691462042594733,152.28457415329873,12.395071605407626,w91,53.93887720319816,26.165122754909902,30.31753088231965,85.70055274089434,25.40656386954869,46.302156114554606,-103.15203759697741,52.9975487374861,103.15203759697741,68.16347481545316,2,1
0.4699420692032909,2.803718248285987,0.3466944233439864,w91,30.665460265134623,31.822656125101876,21.88187223123127,19.37778134374979,15.201328435532604,14.807608074230538,1.6050413180428418,19.337392541860506,31.822656125101876,24.08574425310981,1,80
4.6896436633205205,27.761700984676647,3.3315605776324095,w91,81.09235199023979,77.0173148892456,57.66790467224983,45.005686063090934,41.24107208146193,43.159316639014364,31.171084991388,53.76496161809864,81.09235199023979,59.50217352424337,0,1
3.3626689415598965,19.156732875862463,2.3231573299934163,w91,67.25859878329366,57.28311427168122,50.23867335739482,53.68405972770724,34.05075720575473,38.42623044103279,28.065846690688364,47.001040068221826,67.25859878329366,50.56027282747739,1,5
0.3226807605748812,1.6794971159231447,0.30721749373666063,w91,17.85633070338931,13.913148372519792,11.097175276597355,51.937027985444566,10.551463578783697,6.478719378920683,3.0582612503978974,16.41316093515047,51.937027985444566,30.4258148431486,4,10
0.1854366319395388,0.4702174265095462,0.02973760622959453,w91,46.74119443907917,44.24336310943163,33.77354526613069,40.74204432031726,23.356786312129373,21.366963048859056,3.924420501688445,30.592616713947944,46.74119443907917,37.1717543089103,0,80
9.485943812785107,49.378074254540365,4.72230482255263,w91,51.484048521781055,49.53736508378172,35.92571522487216,-32.70433846010547,25.600410562148504,31.875953714929103,-43.52285383650465,38.66438362916038,51.484048521781055,40.75542907256691,2,5
0.5854889793958166,6.476507371482006,1.3708639777854819,w91,17.665563610083133,-5.140998137578454,9.530341477341548,34.69004518987616,9.401976760988992,8.786919559171897,19.80703112246854,15.003267979644102,34.69004518987616,20.858829372326834,4,20
0.47693281873555504,3.1573462670829286,0.45573361290912207,w91,18.066182533813148,14.828432138055788,12.741733454405072,3.8027010802993946,9.041480205363472,10.651978435634502,4.75319283312801,10.55510009724277,18.066182533813148,12.734365381731829,2,80
0.9671595015082377,8.956174480515665,1.6001689263899046,w91,14.26797219098528,-7.652925640244133,9.333754972983964,12.624763700395539,7.298311666541028,7.566417589581518,20.43068213791969,11.310689699807307,20.43068213791969,13.09222602862937,4,40
2.6111877670259287,6.392054638463557,0.444929323391954,w91,67.99624501016903,56.54718887212579,48.44594684294625,61.28255837649525,34.90162542176515,41.51911009818856,9.799466366831865,45.784591569788844,67.99624501016903,52.923685057256264,1,1
2.3611018539532433,19.380791378277806,3.2675667128336454,w91,80.84243727523015,81.60125306817376,57.66415572786732,51.88190439970014,39.98459062537253,32.47138047209291,-12.042230508406691,50.92685029669193,81.60125306817376,61.73932176804224,0,5
1.1113448547293385,8.324008618700004,1.276092204919406,w91,5.211744970695831,-6.647779388877764,3.6894197841427854,-12.63440965588278,2.8192318224779243,3.8490936748981657,13.820175325827895,6.953122088971878,13.820175325827895,9.417274560726138,4,80
0.5391352355303437,3.6705553109062956,0.5991327006010381,w91,39.83899522465823,31.666183558024866,28.52295918914959,11.326180468711613,19.887004372738232,22.730537040709667,9.985757336364392,23.422516741479512,39.83899522465823,27.71216105161207,2,40
4.629618634227108,32.34075158708417,4.724683911886881,w91,79.95822507248866,78.11250466939767,56.9610003147619,56.68556367272627,39.76113055161397,33.23214221956521,-18.116595929204273,51.83245177567971,79.95822507248866,60.541839007935295,0,10
2.1341838870486938,14.84140217948211,2.145906174318958,w91,77.94220015598451,75.9636554095226,55.979809953060716,57.527594026250256,38.79606212967319,35.15085561082686,-4.743294067395524,49.443353050387664,77.94220015598451,60.82528600026853,0,20
1.127431543712545,7.072541082622544,0.9137887665385536,w91,72.62595104134265,67.87785354591226,52.644294351758866,54.167876502621006,36.16653511991184,34.30368992828306,4.991431455427374,46.11109027789387,72.62595104134265,56.06704536322007,0,40
3.4699463423396373,17.625502597764278,1.577936903370054,w91,49.89938092059731,44.21847406206663,36.96560285779605,-18.438003145636728,24.98476719313381,30.46465364698534,-10.043837576632525,30.716388486121197,49.89938092059731,36.299141880812066,2,10
3.489401067341153,24.300970478738666,3.276820057178998,w91,18.881809072891297,30.457259268411768,8.38336103872452,64.9531165096585,10.950844549480674,4.318262294590099,-29.418878957704038,23.909075955922987,64.9531165096585,39.30004464459235,4,5
0.7304164863930662,1.3706915393419425,0.21459266750171505,w91,46.91694862284916,36.351160464789245,34.21553518343598,-5.717504228133086,23.421890637256222,29.996749730819747,7.798112310520657,26.345414453972012,46.91694862284916,33.8101676080595,2,20
1.8417300780755652,0.9160677085820066,0.5557769366238259,w102,62.16645524493564,54.62972080033018,54.494056706346655,-2.3482558031637586,0.9091447124743114,0.7594834602192486,1.1732331627642625,25.211478555747725,62.16645524493564,55.68308831819018,1,10
0.8019506978453492,0.4769179137363109,0.3066174735894,w102,59.420963549631296,51.67364806154464,49.69272247762654,-10.025420765262803,0.7189609778598073,0.7799786888753326,1.0109187887715492,24.760373329938854,59.420963549631296,50.61682144547802,1,20
1.9449164474222174,0.6984156129272039,0.3486479261071409,w102,52.60828067842115,43.63802411256166,43.31489162973521,-9.506604578980575,0.7018927910490358,0.7032624913764294,1.0710243844439897,21.649140095224006,52.60828067842115,43.81960938039294,1,40
3.5954572312520465,0.7844523639052795,0.4576150123124922,w102,19.485404495382625,7.426781158519712,3.7246900197260486,-28.737165938465186,0.4942248323029315,0.5140179874398109,0.3424484466525149,8.67496183978412,28.737165938465186,20.999052145847422,4,5
5.697121804078883,1.0856567450024528,0.2594853443693381,w102,45.96838014209609,37.31553571310585,42.676567922112156,-0.8703243920097422,0.774463366287418,0.8270394721441323,0.5276490989395194,18.42285144381356,45.96838014209609,41.32406903320272,2,5
0.5271363578747739,0.15684336878744493,0.06844653469884784,w102,26.571792298985084,22.149890929058415,22.129276627357527,-4.419135391278503,0.383300548369335,0.20117870053958645,0.2778742507024623,10.876064106612988,26.571792298985084,22.410628978598393,1,80
2.7599847329551763,0.4109160069221336,0.28009388472433405,w102,64.66436971775789,57.459541948990015,54.208785147892286,3.264385339008852,1.0251410561518453,0.3662552114498378,1.1513149312869138,26.01997047893395,64.66436971775789,57.29027502393976,1,1
1.6622654386960654,0.9494534000537863,0.6073757794390674,w102,77.95673026546483,71.70673253431809,64.78927009054193,-21.53220329850627,0.9612993375031437,0.9565383195189919,1.4467948212839257,34.19279552387674,77.95673026546483,66.3645434912074,0,5
5.55133844544949,0.8151307216510745,0.14021034229927548,w102,15.183228875410638,14.33955271167711,10.820630458675325,1.2290550796956183,0.5927860903409553,0.5689727676091001,-0.026272567343459518,6.108642650107458,15.183228875410638,12.989222890232513,4,20
1.3877796042466688,0.26211921255993464,0.05030840856230366,w102,42.02378433777543,35.03350951967291,35.48403766691598,-7.021768645604483,0.5821984992684381,0.6704518973390393,0.5541928752284309,17.338563348829247,42.02378433777543,35.45245941420162,0,80
8.11605394421324,1.603819341430917,0.4536596223015898,w102,17.992303799405736,12.64165317975474,12.581005918681791,-8.697963953292637,0.8140538039731878,0.6353713917006669,-0.02262050180288351,7.626424649801663,17.992303799405736,13.459547430130522,4,10
1.831002754329523,0.932629781830373,0.5644288509486011,w102,46.86262997342076,37.367837194828276,56.66419215048313,2.0428922310584174,0.7914922187479092,0.7221378400825204,1.1633755116905105,20.802079588615936,56.66419215048313,46.767074292761386,2,1
4.81365083184671,0.8401981927007243,0.11583887823085978,w102,11.792478704522841,15.692521771431382,8.322018740794329,12.702320348871591,0.34975338536599954,0.5789563023579666,-0.3350993383702072,7.11044979881633,15.692521771431382,12.386046664742844,4,40
1.628518878530318,0.6361293451600716,0.3343977668625168,w102,15.424393599463027,5.169928635252528,13.260631383333173,-11.9764135772463,0.208079700224268,-0.020153634525875597,0.7030869432410394,6.680383924755172,15.424393599463027,12.498360830457294,2,80
2.13361644882925,0.7606668530630104,0.4785080279420978,w102,78.48571999809786,72.52773149560761,63.141132112077834,-37.44344203451964,0.9803802155648824,0.9426812527799234,1.0483083935581006,36.36705650031512,78.48571999809786,66.04109934715154,0,1
4.799687228443457,1.5461634126493897,0.7266504860146121,w102,63.53825791308782,55.91045844339824,55.17024735174222,3.132677139832438,0.9750091361042238,0.6569416869480563,1.4066643983782274,25.827179438498746,63.53825791308782,56.529707867069796,1,5
2.5899343047425836,0.6669966195709093,0.2573993688023869,w102,74.89909656934367,68.14325150259535,62.6091389581965,-13.620551472675665,0.9263823026459694,0.931836324371052,1.4215621540965486,31.79311704056068,74.89909656934367,64.5357493999954,0,20
2.5164152497320873,0.7725589485132727,0.3471640927302635,w102,77.03658516760194,70.66010373047386,65.03287853564761,-15.191123068618854,0.9785266805723107,0.9405784426028089,1.4315903136770431,33.03876941988492,77.03658516760194,66.55134968296043,0,10
0.9791162217311605,0.6730829567379656,0.4494935435475407,w102,35.60500639758624,24.25545278640225,32.65906019081645,-14.511787148826375,0.5899911167685272,0.5969190042502571,0.9558551703330717,15.596295973569022,35.60500639758624,28.71439764086623,2,40
0.8199083438047231,0.05255999256361436,0.08396508610693995,w102,5.156097308867568,4.998498776922197,4.41145982187003,0.2045653955409848,0.06785873614285647,0.4097252596069316,0.024600671741856775,2.181829424384632,5.156097308867568,4.664908280025861,4,80
0.6831247649934411,0.18853130422505535,0.24267201851417974,w102,42.666614755929054,31.70360270353001,37.44512630167974,-13.083680861027668,0.7574947629775755,0.588086155860226,0.9473652912015094,18.17028154745797,42.666614755929054,34.59884883912382,2,20
1.5327738984550605,0.2634986714616899,0.20362483765177244,w102,45.14897295597433,35.73005221606491,40.22751714570688,-9.483740370124712,0.7409273328981224,0.7063437090838952,0.7910673640806547,18.97551729913335,45.14897295597433,37.830209320829205,2,10
2.9841313528633866,1.103455522767385,1.0657818629436198,w102,15.306231982840739,-12.790980092528432,20.818522218648038,-14.106212470277558,0.2733154194265466,-0.1526224705615383,1.5057397494105127,9.279089200527624,20.818522218648038,15.89828533011323,4,1
1.1739698703976877,0.4326018629265109,0.22164661276130668,w102,68.80065870250944,61.36985755358999,57.8339735469629,-11.004127880557455,0.8595431009801408,0.8766182821573913,1.254826558610194,28.857086517909647,68.80065870250944,59.25126045312323,0,40
2.420982626032281,0.2209122782329512,0.17064824413818078,w96,23.95193311795152,33.49459015414513,-65.4359736458124,-217.69868123942268,0.003122727657991352,0.0,-0.824137401870631,48.772634040980044,217.69868123942268,156.3254986023667,2,10
0.33795509557258807,0.023109685122591733,0.020442517559465398,w96,61.4282099831116,66.9349733899771,-117.50514454016484,-305.73649480762924,0.00011079944349055179,0.0,-0.8509401946814784,78.92226767357253,305.73649480762924,209.13290724452534,0,40
3.4366054720184476,0.16253877030250136,0.14280874577798783,w96,71.64673590385007,76.22667082036025,-132.85057438728057,-349.71537656046524,0.003122727657991352,0.0,-0.9906664095569301,90.20473525845303,349.71537656046524,238.97203056268947,0,5
12.324315943048534,0.6626296875667708,0.4454057739683366,w96,44.98846810944559,54.13829105921291,-192.89908389272105,-321.8818038461469,0.003122727657991352,0.0,-1.323493779179758,87.89060905919489,321.8818038461469,236.94164865278623,1,1
1.1168704257639341,0.11499361289452815,0.10971428562474995,w96,21.689848345173957,30.87184281057567,-64.85746689759098,-206.21549446487063,0.003122727657991352,0.0,-0.6538959301042605,46.32738159656764,206.21549446487063,148.49369638305828,2,20
1.8900838623328717,0.13465389534096403,0.16216385071769737,w96,70.48664207451561,75.24926306011537,-142.57941162005747,-347.2471797908903,0.003122727657991352,0.0,-0.981934652512345,90.93536484653558,347.2471797908903,238.067484610537,0,10
1.3153804083158744,0.09704703003793189,0.0681536012796866,w96,0.8476108368222621,1.9758443991555685,-5.357462864478903,-18.88043296949155,-0.000765499759905726,0.0,-0.10748480428390275,3.881371624856013,18.88043296949155,14.347178336682882,4,80
1.6162011130439566,0.17175467001119352,0.14321519988832088,w96,17.68384769809158,25.167275142632825,-47.440123013748014,-160.46917190717195,-0.0032849814312314336,0.0,-0.4957165032985327,35.89420274948201,160.46917190717195,115.20872110631456,2,40
2.7026847244335053,0.21294481883387487,0.17741466687499255,w96,25.129543484526753,34.379163851548974,-81.65355291824109,-230.3661770580186,0.003122727657991352,0.0,-0.8405982113077047,53.19602260732872,230.3661770580186,165.29164264997777,2,5
0.45812402055690293,0.06808234486367697,0.07362065931898368,w96,68.03294000566335,72.98229865383227,-130.39776268328384,-335.38493059244627,0.003122727657991352,0.0,-0.9359326164852179,86.81956961133844,335.38493059244627,229.44530927394666,0,20
0.22585889310331364,0.0421382530218169,0.04107420699429403,w96,6.720741656851043,9.885695376148893,-18.48901929677469,-69.54858190251028,-0.0005185918981070942,0.0,-0.20744216757496994,14.978856998822568,69.54858190251028,50.75523122487139,2,80
1.5264846489468054,0.25494685836224773,0.22363046242364853,w96,3.679564229754539,7.219906846042602,-17.08743297617861,-58.34810742651377,-0.004426974021409111,0.0,-0.27729979380494785,12.373819749473697,58.34810742651377,43.43531336671609,4,40
10.243573239147272,0.5442663403604373,0.33566736730082736,w96,4.393208048763468,10.176714644080464,-11.896485237955845,-87.64958465404052,0.003122727657991352,0.0,-0.6720606172595003,16.398739418536827,87.64958465404052,69.23261705270124,4,5
0.22646323461814544,0.013774690251304142,0.011729758355527817,w96,34.72553658221905,40.363386756904745,-63.00216334462216,-181.56699043295941,0.0005730691738955017,0.0,-0.5180976080819444,45.73953539913731,181.56699043295941,124.21632483270969,0,80
6.921225737113256,0.3321174423852303,0.20284914572156784,w96,4.636218482152173,9.000584235974364,-8.736286429696989,-78.71451161066175,0.003122727657991352,0.0,-0.4963489062574987,14.512438913200109,78.71451161066175,62.75452475343592,4,10
3.657750043987913,0.442205547203957,0.3719259470399166,w96,4.355558516568823,8.717032046722473,-12.72905646437412,-86.49244139161928,0.003122727657991352,0.0,-0.4012038937813783,16.099773577246292,86.49244139161928,68.66192222464163,4,20
10.626683950434186,0.695905755389551,0.6912503019618544,w96,2.9652596494045347,9.673998153293738,2.535773341196525,-175.6532456427696,0.003122727657991352,0.0,-0.5135309931192967,27.33499007249167,175.6532456427696,161.81842653502397,4,1
0.39300350319816507,0.02066421436628568,0.019805208728410097,w96,14.080207132817854,19.51518276329583,-44.92305970972321,-125.87909645511857,-0.00023187519690510332,0.0,-0.3775386114969874,29.253616649664195,125.87909645511857,90.06390836365155,1,80
7.1456831947450015,1.1854989676931078,1.051895024038335,w96,43.990255308059744,53.10641327423327,-132.36907824119004,-345.14690401360303,0.003122727657991352,0.0,-1.1649860245724368,82.25439422704521,345.14690401360303,245.58783315470157,1,5
9.05731430029183,0.8661660889137373,0.6992532417536732,w96,72.5044130992397,77.03018147521873,-130.44971770763564,-388.8850949455536,0.003122727657991352,0.0,-1.1551864417194235,95.71824519957501,388.8850949455536,267.8107409170569,0,1
0.9581684093615428,0.0525496700709449,0.06682819552054399,w96,33.086657006302374,41.56510035068138,-104.00097900166088,-274.365872721242,-0.0021224795034974625,0.0,-0.7639724102504016,64.82638628137722,274.365872721242,195.9427082202948,1,40
3.187726248618785,0.4355240983200092,0.3743475876789023,w96,39.78615773518567,48.71044143963963,-129.41402679393033,-318.82461500760365,0.003122727657991352,0.0,-0.9766756935600487,76.81643419965391,318.82461500760365,227.54380268139758,1,20
4.002213304745345,1.4293102743334711,1.3934055006180217,w96,24.583665835897243,34.91324242675738,-138.85639204536378,-301.83407307507855,0.003122727657991352,0.0,-0.8230553306006022,71.57336449162221,301.83407307507855,223.96375010345628,2,1
2.2208552639761243,0.6323654814055993,0.5827132700077222,w96,42.567053778247654,51.83331619158041,-125.09239876660072,-349.15205036350693,0.003122727657991352,0.0,-1.0534264449795807,81.38590975322475,349.15205036350693,249.34996976531747,1,10
63.32639715206531,492.7853781754982,124.14456826957974,w105,65.65023564515276,61.25856576933403,17.05524759024783,92.3108033325388,3.0209061479451687,-49.603181608817756,-70.6214125775665,51.36005038165755,92.3108033325388,67.67827311014987,2,1
0.46370493028292037,5.969063243657408,1.2584668250541846,w105,43.909203468792775,17.519904658865382,14.012472983233357,5.444055886212892,1.7835966998351456,0.18466840804712112,24.880085123162353,15.390569604021286,43.909203468792775,28.618511082605195,1,80
2.6195688594113076,89.47507197155295,12.371155110056934,w105,88.60153651746212,64.67580669708433,27.93979584687733,82.57447232062658,3.5901557866239786,7.457116887301509,48.24632417477235,46.155029747249735,88.60153651746212,68.18193146018736,0,1
5.821890655628503,35.83922736346563,10.052659032739598,w105,78.76288601624387,51.19718108991284,23.607583816256984,68.66979026202817,3.2177241325551442,-8.098210917862907,46.79734183821569,40.05010258186794,78.76288601624387,58.368060398385154,1,5
1.5326875567002272,8.805514174784403,2.5288535075877046,w105,75.72199864745396,42.23882908763036,21.001740186002532,63.89802596245794,3.0596865628510543,3.1912751362283283,51.511284768820666,37.23183433592069,75.72199864745396,56.4606269049486,1,20
1.3078452461266863,3.402292551335987,0.5780460162587178,w105,77.84550558800517,46.0644450675381,22.987687011157306,69.308392871401,3.115742522313169,-1.5368989621714677,53.03036828904137,39.12700575880394,77.84550558800517,59.652743929946865,1,10
10.288631195576029,40.730954003065555,14.37462920205439,w105,30.154076856197378,-12.8957385328018,14.732329910000313,-22.90562240940631,1.9361986591129186,5.0359575622856445,40.18165439930671,18.26308261844444,40.18165439930671,27.072198538315057,4,1
0.5886083370479501,4.1446766625916585,1.0905968056647712,w105,70.12394826594581,36.92876025108224,17.45650350854835,37.006207545485,2.7757609884935315,3.2369901742981284,45.95130009067433,30.49706726064677,70.12394826594581,47.241054426712964,1,40
1.1145395656261639,4.267806902361129,0.2626299781751309,w105,53.77708130200756,23.47594224592899,15.097136218680046,19.71171965945584,2.224546055373788,0.8255661708361003,31.256643476332698,20.90980501837358,53.77708130200756,34.44848463105617,2,40
0.7667524416666709,5.487590270999391,1.4435831188367976,w105,9.012271690293927,-0.6292084103736306,-0.7376264948047169,-1.9891277910240401,0.37148235403812996,1.13890722909486,7.735270292206479,3.087699180262255,9.012271690293927,6.8190942354985085,4,80
2.1625274665319605,37.628782094806134,4.147595309434036,w105,87.59673288736955,63.39389666154111,19.579894920605227,67.79943106573552,3.517339899132997,6.1691788967403225,53.34357273469606,43.05714958083154,87.59673288736955,64.92393174865423,0,10
2.0759947013269335,0.18978508266601687,1.678927260251408,w105,86.25032293979268,60.00552344867924,19.450335000026488,64.636128918418,3.4313016279031747,7.006149380848056,57.39443063632485,42.596313135998926,86.25032293979268,63.55649443955777,0,20
0.8852003061867363,7.61547950417189,1.8288782400488726,w105,82.45628899753555,53.4324441707978,18.660200360583058,50.35972433406039,3.272088577732065,5.429215056960408,55.36821378096665,38.4254536112337,82.45628899753555,58.16156875439563,0,40
7.577443247543878,49.86526760722905,13.434351438159805,w105,63.64212372965309,36.85078782417301,16.916372749214975,18.83823376511737,2.6097647593132116,-14.045314145713574,30.163322365195057,26.152274191197186,63.64212372965309,39.129352738119934,2,10
1.9460820847513924,44.285381989312256,7.775909618715509,w105,60.79399847574864,35.92488585527079,12.634146052826765,34.21653636208908,2.480962927020756,-2.6679235763418387,24.37924293787727,24.728242312453595,60.79399847574864,40.00354316372129,2,20
4.977883246129727,37.957015003400436,9.857140887783373,w105,30.99478955597241,-18.166105906675366,11.736841099094176,36.54850424036557,1.6255269923744227,5.692690708737116,39.74413093839857,20.644084205945376,39.74413093839857,30.301838881009296,4,5
3.614707899920857,39.81872026101497,8.91544978215634,w105,30.74144737465252,-14.35025609352375,14.674269124401098,37.99979334069213,1.198442123457095,6.921954647078713,38.01544798386832,20.557372955381947,38.01544798386832,29.91494597878979,4,10
0.5552272896836684,1.1082810641568774,0.6180295742376111,w105,61.05422619115708,26.517587002928856,9.721325680163277,26.099879606983077,2.4004124079413858,3.0368245201016486,39.06750147679709,23.98539384086749,61.05422619115708,40.18971381404478,0,80
16.85028483979371,114.1581581656243,30.56472368853702,w105,65.12228174150103,44.02083536865178,12.992450129749676,74.07644657473622,2.922862733757244,-26.803797724261393,18.44999530472132,34.91266708248266,74.07644657473622,52.7940115691402,2,5
3.1377891875326163,37.24155238486138,8.12878074182225,w105,29.00038248560573,-11.800720713406989,15.094544003080193,-12.85889678475345,1.2814964725259905,7.846610900199844,35.02581320977999,16.129780652764598,35.02581320977999,23.589859412601868,4,20
2.058783057029855,31.77228401562604,6.3534076796195755,w105,22.667961563135787,-10.36598104157617,16.285884086819717,-49.21501995198585,1.1336342852637944,6.783359581579952,28.819233679507633,19.32443916998127,49.21501995198585,30.94886029846551,4,40
0.6223408437195483,1.2320520046779102,0.31198221378983615,w105,28.071647755540102,10.635675314101766,4.346821513244027,-1.2020506111644793,1.1701394380996233,2.2985091772042323,14.443331330829922,8.881167877169165,28.071647755540102,18.284869519639074,2,80
2.880030215114788,39.56643881974153,8.160377716257763,w105,79.46414448055806,43.39333660819285,22.623033083428783,37.586576220191,3.165978095698492,8.36285041091887,60.399157233492694,36.42786801892583,79.46414448055806,54.315178735009695,1,1
2.153701718397101,21.953035934417095,4.9926441111488975,w105,88.1606786212432,65.52569190708175,20.448903262981606,70.50206704932175,3.5221873239232946,3.706567431110624,56.148274614982356,44.00205288723494,88.1606786212432,66.9884130131353,0,5
0.8666017792372895,0.8555567147180869,0.37744887771018726,w94,86.31238541495401,78.23083503655583,73.54266975040956,54.95337640258994,0.0006398641781683492,0.003265937092618701,34.495254088103295,46.79120378484049,86.31238541495401,70.79539366569716,2,5
0.17469375992266817,0.42102189458195544,0.1357982153937447,w94,88.83866023876804,81.90317720227928,72.86808433028514,49.36861710032044,0.00046120758139981137,0.0017811972414409354,36.39345596823267,47.053462463529776,88.83866023876804,71.86943306777464,1,40
0.36602414998102184,0.058268418350267664,0.17000856641571588,w94,91.38956583053253,85.82549405909852,75.5958556517434,47.32684285648103,0.00043305752060704964,0.001527186007659533,37.08636890845727,48.175155364263,91.38956583053253,74.27666869721303,1,20
0.5363186017486673,0.41628845706694784,0.35609085612674,w94,96.04048461329886,93.07037271176944,81.37548437076434,82.0804538438452,0.0006398641781683492,0.0021408233504582323,40.35627928806472,56.132265073610164,96.04048461329886,83.66379596250387,0,5
2.0513443493793475,0.47307267703163075,0.9717110945466846,w94,92.9385247675915,88.23454522937281,77.87791518868154,59.730981043119556,-0.0004948781879273123,0.003265937092618701,37.57181826505128,50.90822075844246,92.9385247675915,77.07794048011009,1,1
0.7258542994708646,0.11821758813321502,0.31595825667389277,w94,92.27838356907927,87.2139453562479,75.83073998839431,44.94081430078287,0.0004544714776172685,0.0018713457168816241,37.47274464458661,48.24842195375506,92.27838356907927,74.89736252064625,1,10
0.05900964611454248,0.007217935859753667,0.028297430761092167,w94,72.67003586502443,60.24447542192228,59.22066024450144,37.760167338929435,0.0004212426971472526,0.001642716695707985,29.28392793993319,37.025904395671944,72.67003586502443,56.720120093351795,1,80
0.9979618189129321,0.8431168785553115,0.5672502506929024,w94,61.53870068346577,45.63575655281523,51.996483712290264,29.8720686117691,0.0006398641781683492,0.003265937092618701,27.93618869818331,30.997586294256347,61.53870068346577,47.22044812658994,4,5
0.11455137284963851,0.04013396494980473,0.05732581053125001,w94,56.92481192057188,43.28215799621855,46.14559309385794,32.41646495328827,0.00029546558542862503,0.0009524429878791528,22.353796543553692,28.732010345151952,56.92481192057188,43.722834816944946,2,80
0.4333811312758869,0.050735453198331344,0.12697468629032907,w94,49.89592753002112,36.15167254448176,44.711589356712906,23.33864300135447,0.0004395246135209259,0.003265937092618701,19.977650442153376,24.86845547663282,49.89592753002112,38.71497842014336,4,40
3.878739694743272,1.4469360531586852,1.9719902434268153,w94,62.933445909246664,49.27422000582594,57.63560973470052,-1.2709372678299562,0.0006398641781683492,0.003265937092618701,25.93429566515843,28.150344912004613,62.933445909246664,52.699856012468125,4,1
0.06171394270718318,0.006138521438917324,0.027850846991239565,w94,83.62290886278129,73.89760909451809,70.42909259507636,51.804660145353914,0.0005252407331696344,0.0025554674724046125,35.10205653193848,44.97991541969624,83.62290886278129,67.74382868968316,0,80
0.7570538112343838,0.3146404897084048,0.3277853377229924,w94,60.043676038026675,45.450612884130805,51.56503475641286,21.130327541163673,0.0006398641781683492,0.003265937092618701,24.75383084242884,28.992483980490515,60.043676038026675,46.264192145695546,4,10
0.6575996953489188,0.578097937241992,0.33333394810762806,w94,57.096887273918504,43.42931411068029,54.928442513501174,36.49584931522973,0.0006398641781683492,0.003265937092618701,22.08427279637572,30.57695311585374,57.096887273918504,46.64089767633392,4,20
0.9633175607010107,0.4725782098578294,0.3271318558770359,w94,85.62374661454048,77.25205275102029,72.57277020481784,58.41392178645845,0.0006398641781683492,0.003265937092618701,34.36189550163105,46.88975609424841,85.62374661454048,70.55771627152832,2,10
1.5990484954349624,1.3011358491052438,0.8485129062500407,w94,86.77614319683111,78.32602355139299,68.58370759735975,95.94532983204107,0.0006398641781683492,0.003265937092618701,37.56631701702202,52.45734671370253,95.94532983204107,78.93630664864222,2,1
0.10589020292999453,0.010759804260823914,0.029888218805838123,w94,93.87562105068966,89.44386412620409,78.78792227922662,64.44753118143616,0.0005541370499738401,0.0026913356832884835,39.72308960338552,52.32589624481075,93.87562105068966,78.49645599846748,0,40
0.5726487784387052,0.06627047175862409,0.27817996150323515,w94,84.10916200683891,75.26122039428239,70.8901916435726,54.577498567465696,0.0006398641781683492,0.003265937092618701,33.601327496684334,45.4919008443021,84.10916200683891,68.6834166853626,2,20
0.4133202088638097,0.564255461940646,0.29039417399150147,w94,95.83182214738795,92.7258233094897,81.42381060254654,69.72902572159414,0.0006398641781683492,0.002676181864392802,40.10704600416684,54.260120547318245,95.83182214738795,81.30771666156276,0,10
0.12423151102933631,0.24573573099976845,0.06746349981277741,w94,24.932864717188075,16.49291705451845,24.174071491468645,8.900616121114002,0.000489687253397916,0.0024155017910678115,9.066860699453871,11.93860503896964,24.932864717188075,19.61797426379266,4,80
0.45091348335091413,0.3897277255359473,0.20910033955134102,w94,92.6576801949726,87.8149657859599,75.9373867701737,24.589965271106188,0.0002874404896540539,0.0006219547533358846,37.3147431247681,45.473664363174784,92.6576801949726,75.58678635678841,1,5
0.17923837736707887,0.03375575848743819,0.0749891535724205,w94,79.87390902911618,69.46091189424877,66.12887470047859,42.900485418935574,0.0005191924666805521,0.0018128311049229176,31.998618166188116,41.48073303321984,79.87390902911618,63.513311095319246,2,40
0.8837192239957589,2.659801067025437,0.8254487342057665,w94,96.20023265467294,93.33775131853005,77.79259926314307,75.9451195782173,0.0006398641781683492,0.003265937092618701,39.1551109327217,54.63353136407941,96.20023265467294,81.89343538703412,0,1
0.18066592548067392,0.12366028014319538,0.08573790023579397,w94,95.33405957531718,91.88146354203187,80.53884362854505,67.51313561513112,0.0005466223399978175,0.0023814651976189374,40.33694131139558,53.65819596570834,95.33405957531718,80.40945461255998,0,20
4.905139837323794,4.923830392707751,4.436806920724167,w93,68.9109173268382,57.972420928988775,16.813618746198564,73.1693094624454,0.6589171393743437,6.425516912928774,23.960375261549526,35.41586796833194,73.1693094624454,57.93118647372962,2,5
4.386418489298703,3.524453679781804,2.4468416703664255,w93,64.90514689922776,55.54420749509877,20.431463106898683,82.19302738964079,0.6158700406879142,5.498493645913031,20.827556332766907,35.71653784431912,82.19302738964079,59.73773434995146,2,20
0.8025278395950503,5.348734804693408,0.5079930211971367,w93,85.00606439318426,79.27449048588402,27.22169269873978,56.861836310550764,0.8004187549912051,5.371845362105084,23.94074881116199,39.782442402373874,85.00606439318426,64.9512001546576,0,40
3.776682255850926,3.062401429341185,3.357743836216269,w93,67.69107839320898,60.55153175814944,18.639383284393354,81.86056158686613,0.6350109128233801,4.585802710970422,17.011726446313453,35.853585013246445,81.86056158686613,62.189357478336255,2,10
1.0585384936875242,4.496947450092821,0.17106594578322457,w93,88.33616345289236,83.38717048560126,27.482337049415996,60.781234441619,0.8351999054476251,5.323189894775813,26.401048966420532,41.79233488516751,88.33616345289236,68.1341092671963,0,20
2.273873078985008,98.22092365262881,18.64095258352149,w93,82.30043601188189,80.02851265537385,29.943981498677513,93.35814855971391,0.7846533281111292,7.428264671521695,-26.17633726860824,45.71719057055545,93.35814855971391,73.53065873055672,1,1
2.519891105652797,1.6703955051708754,2.1917328495480506,w93,89.98647857594895,86.12715646317044,27.17332574943862,12.545616925135933,0.8516116288141006,5.097122407817471,27.519689368403686,35.61442873124703,89.98647857594895,68.9739498366448,0,5
0.3853692202180837,5.759704710458407,1.3408141089517984,w93,10.199247799618595,-0.955726682403164,3.3503004301897468,24.561843386655795,0.09156602686173071,5.31775193630222,11.31234041938689,7.969825240202591,24.561843386655795,15.696753012720373,4,80
1.9686318092582986,6.2334362061073305,0.16727997465060587,w93,58.174702126497984,46.74879595606367,17.858410615979434,40.57504991848261,0.5528688866791022,5.88593812896307,21.315819537529546,27.30165502431363,58.174702126497984,41.98760364809383,2,40
1.5831337966512815,11.37180167362349,3.327193386328113,w93,89.47739451506543,85.12836048527602,27.78868359092069,51.51880600668454,0.8429974917911632,5.017065962368376,24.853553153558,40.660980172237736,89.47739451506543,67.88895754369014,0,10
0.522878717631168,1.450315992234043,0.08566316067652094,w93,31.588052348515955,23.522766614786693,9.96749489018101,14.725553124171793,0.2991034089844308,4.644023199308921,9.53871895892514,13.469387506410566,31.588052348515955,20.999597816529267,2,80
0.8989572455245192,1.5990431174567812,0.3275913075756542,w93,25.551148536895912,23.338513965944383,6.305540444859732,3.3347349945004567,0.24049844723856212,6.247393276180278,1.365538541434493,9.483338315293404,25.551148536895912,19.423241333812417,4,40
1.715783028816169,22.163155631054046,3.2878787255441653,w93,35.47274333541145,-3.5337822790603513,4.853934733609547,74.16902760569688,0.42373990388184873,3.8778438132938833,41.27583121056121,23.37241469735931,74.16902760569688,52.04132463618504,4,5
4.996692337175728,10.275664279496937,5.5646507436204615,w93,31.801635099818014,0.3189503438871485,9.232058337307985,66.17422515564029,0.29867882111604677,5.876162368844461,30.752529579184614,20.63631995797122,66.17422515564029,44.69263956756927,4,20
3.4835747725981534,15.077039067217996,5.26675166344759,w93,34.80677154484542,10.962452531936322,6.0481530730904,57.74902757197793,0.3516432159935466,5.779501057952151,28.728058934303814,20.632229704299938,57.74902757197793,38.511485513356085,4,10
0.1305775504390457,1.2652199717181438,0.16703883779460688,w93,65.43351236657017,56.58011267258213,20.651915983943553,44.777004275462055,0.621781138171971,4.419367784272231,17.98568263751289,30.06705383693071,65.43351236657017,48.73743531150469,0,80
1.1844674481945283,0.7987249037146451,0.6810742183499162,w93,48.564313635990004,38.882114856325515,15.412286600831273,45.12628553276117,0.46062590934944414,3.5091797374619618,13.680732725063596,23.662219856826134,48.564313635990004,38.30047973897357,1,80
10.644148578609524,5.099795342709499,8.761688957318707,w93,35.87912524149626,0.9223660426626471,6.590188406040458,80.99440196370519,0.4496460125469586,3.805158637401386,31.878186407064508,22.93129610155963,80.99440196370519,55.58583258428008,4,1
1.8768700659342348,8.485588998616818,0.42228100584512424,w93,73.80045937768814,66.13083300122561,23.60814125199222,83.90632140909996,0.7029592502396552,5.128784516064224,17.464806239451253,38.67747214939443,83.90632140909996,65.55764537749761,1,40
10.441102622344037,49.932363919528896,2.6553633735567392,w93,69.78553300402952,66.87579593425748,12.888720491107778,86.78658376794691,0.6606257835038184,5.815629360357661,-12.076563588218864,36.412778847060295,86.78658376794691,67.56075689101951,2,1
3.6935127930180744,6.031711464416385,3.8145597374794598,w93,80.9254215595759,72.7711736181237,27.89003969495398,89.5878965046715,0.7769750508751778,7.163070488817392,27.817865286622546,43.847491743377155,89.5878965046715,69.96379992502294,1,10
5.457497119096869,32.64783845318486,10.332682763843936,w93,90.35718297274666,87.44401995437535,30.121748880147123,91.37918194985228,0.8625212773981069,-2.7010393196817506,18.31116446177249,45.88240840228196,91.37918194985228,79.12055116287577,0,1
3.1043051204579726,15.947124463821623,1.0571907884162013,w93,79.0457530625883,73.0337010241909,25.458120039572687,85.91373610859468,0.7587464659035685,6.632934531746944,14.404481878947827,40.74963901593499,85.91373610859468,69.6360212724636,1,20
3.4785134095407346,2.750629197557287,1.9280069379757259,w93,81.70810352215962,74.88876099770592,29.445348083874862,90.97972846416943,0.7756045894672196,7.199945503139224,22.384087643588742,43.911654114872135,90.97972846416943,71.51491791746794,1,5
26.82255460270274,37.67664544992663,33.071740600306654,w99,35.9572121974649,-5.844099621721895,22.650290001801956,38.640344966977146,0.13095168036135338,6.400208613121149,46.55423210279806,22.31104845489235,46.55423210279806,35.481862349522416,4,10
27.03613535730105,54.27170110550161,43.604603330792514,w99,33.295540880580276,-23.355744738780515,22.345622431096874,-0.35553845195177625,0.1272684488969194,6.0136133686564675,60.839476474851544,20.904686399259194,60.839476474851544,40.2586334161892,4,20
26.486096299389654,44.42754253092965,37.21453756614204,w99,27.194995408410126,-18.74016563772432,15.920579089697123,16.018974621545585,0.07837192577610833,6.007176806222668,50.289410764154965,19.178524893361555,50.289410764154965,31.031368555489216,4,40
1.105677495664542,0.6214693516563994,0.7832493998397199,w99,10.916668914311078,2.029924512826547,5.569575290964897,15.251349429266597,0.033924258689856546,-0.7138870049776759,5.8998187233231745,5.773592590622832,15.251349429266597,10.4474868463511,4,80
35.45963257370705,213.8679775249684,125.9626826218552,w99,37.816915761263616,22.29906504068546,25.584023291134883,93.81032661558561,0.17063581899338925,7.068856309209676,-74.76447293812444,37.359185110713874,93.81032661558561,65.0901751135296,4,1
26.643746287489847,8.18274757848403,14.299038982882179,w99,37.63013021761733,7.776709398066559,21.347795850406612,60.590942896272495,0.12109306830690196,6.576937294476456,23.509387997534603,22.507570960382996,60.590942896272495,39.34838993017793,4,5
2.8088108386287365,0.7921741673450651,1.3725973473580189,w100,37.39474846069298,73.40461583807249,3.886386224975687,-24.79007783868306,18.678472473195995,37.15252862948507,-5.249902152945813,28.650961659721585,73.40461583807249,45.73775166765674,1,5
4.622654169206506,1.4660865019848182,0.6129990868140346,w100,53.752904761121435,85.1747349770079,-1.144732152604672,-25.132132907581425,27.76344086021505,42.96380010750699,-6.202929333475479,34.59066787135899,85.1747349770079,55.47416064931403,0,1
0.47851851394891065,0.2053861515540092,0.2873128240072053,w100,10.555003164718896,37.08642393815965,0.9072172415489322,-11.964225023907042,5.431927196151354,18.68252831333025,-2.619654195447283,12.463854153323343,37.08642393815965,23.108902596243894,1,80
3.664473201330986,0.8427935244956034,1.6245506704756802,w100,20.302755904203913,58.79339931615997,-21.872370268162978,-18.520804836773486,12.815703925981492,30.38850848466805,-4.293237456117127,23.855254313152436,58.79339931615997,34.71186215838979,2,1
3.592507768157326,3.888880036097595,1.9612279880854615,w100,-7.136637955205545,23.779874627304682,-16.785985211348653,-3.924463972348481,4.767047207651965,13.765369529769512,-2.1701762868971377,10.33279354150371,23.779874627304682,15.629911746881987,4,1
1.3094716315427923,0.6238631631000244,0.8256211646401361,w100,32.854289776236364,70.02597258955429,0.7192969711484837,-25.171331778206806,16.498156811175548,35.40895059289697,-5.065749674642674,26.53482117055159,70.02597258955429,43.978865425564095,1,20
1.1289813080352429,0.41591378108715615,0.6052228265912137,w100,36.12502740240164,72.33989374385321,-1.6109446778626608,-28.242314320731488,17.693240438169223,36.51914745136809,-5.21366883884495,28.249176696175898,72.33989374385321,45.57494400688209,1,10
1.0564127561520584,0.41633069539828604,0.605658815093754,w100,26.461595387380644,63.689281913802546,-1.1567078804838467,-21.759480649090598,13.43264068056621,32.01647547516517,-4.544246620437641,23.294346943846666,63.689281913802546,39.60184823749622,1,40
2.426032933310239,1.0345849011029205,1.4405808769019075,w100,51.781636675428764,84.08735647165251,3.661397902547805,-25.416772886913964,26.0955246333208,41.99761007167897,-6.1369742758985275,34.16818184534876,84.08735647165251,53.90929308361744,0,10
0.03840362385939757,0.26667229853510055,0.19159007998873676,w100,1.4350503042139906,6.874941416606456,0.6033768432360836,-2.5208238554101943,0.7417638233363499,3.408273721660804,-0.45625842465956035,2.2914983413033485,6.874941416606456,4.26530157960732,4,80
1.213438536263157,0.1116945584115328,0.3954433488430507,w100,15.852053406663595,46.53770970395613,-2.7059495032663,-14.307042220994385,7.854358741216661,23.62090400604201,-3.268188365415501,16.306600849650653,46.53770970395613,28.554420420357335,2,40
0.37318610769456456,0.4054603861512125,0.39355485775270627,w100,49.01145760499213,82.42640891412525,4.554162188290669,-26.78604507369356,24.51460231310978,41.20100857074909,-6.017270372525066,33.50156500535508,82.42640891412525,52.31808825972964,0,20
0.29275818953828514,1.1243185590086677,0.8632218070141114,w100,7.392063373627516,25.504942702535686,-5.860615080795524,-7.885730020131211,3.4741539174779734,12.84094038820135,-1.5545273455407784,9.216138975472862,25.504942702535686,15.207054612559883,4,5
0.2867485043672729,0.8066241884728464,0.4919383798512992,w100,21.686704967589275,56.97482090053213,3.6017725595895964,-16.948289003752354,11.113519302361164,28.259621054790664,-4.226697713610295,20.401632214603637,56.97482090053213,34.70760203044132,2,10
0.17080022634687744,0.08285292610766809,0.014107578234532766,w100,41.84361978831052,77.88679866718033,4.453220543232968,-25.143540559056913,20.944242860704097,38.93287008416652,-5.668007006603012,30.696042787036337,77.88679866718033,48.66065443506601,0,40
0.1532715978801561,0.7078610262966936,0.5103992371034946,w100,19.803488789561523,54.09388424669903,0.5883643606413232,-15.631863099245937,10.061824591881052,26.93823313469459,-3.9010447489260898,18.716957567378504,54.09388424669903,33.622334571051844,2,20
0.18956442123626546,0.04436153845284323,0.03744093729134259,w100,19.486300968763505,53.86284324214885,1.4650719862653887,-17.596787902184133,9.78734700274092,26.916925521499124,-3.844242866128294,18.994217069961458,53.86284324214885,33.30191361296775,0,80
4.9169408665130625,1.2579762489824273,0.9314126064717632,w100,8.508154186471804,27.434157407514054,-1.4871480973228925,-4.2899370645355965,3.2377097964528034,11.738223332584274,-1.9212302461461799,8.373794304432515,27.434157407514054,17.019023718937117,4,10
0.31699546323126493,0.443677319521715,0.2503053353027669,w100,53.37290832453955,84.75499751935929,2.480302269173961,-26.556912174984973,26.662837280546714,42.470867353676475,-6.183751871637208,34.64036811341688,84.75499751935929,54.834532277655185,0,5
1.5992054494275896,0.28549568207474996,0.47070199915331595,w100,5.789449286582882,23.46227481674392,1.9125937771519133,-4.375238798153207,2.798318438204117,11.029569790520977,-1.7348453527432959,7.300327180014331,23.46227481674392,14.466836468507942,4,20
6.59161714752998,1.0367488645040117,1.6446675825776897,w100,37.39016460367669,73.86183477856275,-1.8703287668106376,-25.276092974927916,19.69667126255663,37.97619140305666,-5.304304007786466,28.76794111391111,73.86183477856275,46.45180564013999,1,1
0.5410264460019457,0.10228356425607675,0.22380916466062176,w100,6.088504749770616,22.514293054971112,0.3371066066814788,-7.521140044487343,2.9304630818379973,11.315056370786747,-1.5463954996599234,7.464708486885032,22.514293054971112,14.155254214359756,2,80
0.9816519946404345,0.6758730053880864,0.20592526985719584,w100,4.827264989322301,18.649513776094047,0.13307858645391907,-4.508729187248488,2.128473681051557,8.841457236908756,-1.185474614855803,5.753427438847838,18.649513776094047,11.808124599420003,4,40
3.272719269356035,1.3886660211447666,1.9491221964004843,w100,22.084750513837076,59.04095420811883,4.968822738453986,-13.881097244770345,11.791066705847786,28.45574319406027,-4.299609019391159,20.646006232068494,59.04095420811883,35.69137013519607,2,5
1.5465792452045855,3.4503452544926443,2.5197930825473858,w104,69.94289236587416,20.065649427241837,60.971907766166844,27.97625666430009,0.0025592778830475687,3.720245165621521,48.127412216467874,32.97241755479363,69.94289236587416,52.532960618547904,2,5
0.4004864440197045,2.425295063344127,1.1224110797857383,w104,89.88046443758155,58.18302393208483,76.95978912447549,21.13346221481212,0.0023342245508613155,12.863371518537367,63.06441797787549,46.01240906141681,89.88046443758155,68.22936347606715,0,10
0.19271554681294484,0.8034147378659628,0.5094263022203049,w104,10.300691853057039,0.49864625973105237,8.471915893385594,3.7926791231851165,-0.000310862578495876,-0.050581470450336584,5.838441257668074,4.136180960007958,10.300691853057039,7.826427037474421,4,80
0.23935482073078315,0.31766248007705866,0.13635692734046082,w104,59.493821613887285,14.787631078461555,53.01401824878471,-1.5993167212698693,0.0001934744692530377,3.3237876523766756,36.78721778878582,24.14371236829074,59.493821613887285,46.95442987379694,2,40
0.21118389061517226,0.44363249089946966,0.1428502792251985,w104,88.75919435099013,55.17178645350545,75.50014646722103,11.589934763671344,0.002309179630755091,12.530754737155519,61.121766280390425,43.52512746179495,88.75919435099013,67.77565920375983,0,20
0.5262717497671222,3.0718833443659403,1.8225897530139774,w104,68.81886369489017,18.870966433992816,61.19293860905724,14.128863393388688,0.0025592778830475687,3.764417717390348,47.03668856989416,30.545042528070926,68.81886369489017,52.676169250149556,2,10
0.398507182564168,2.7445583978050867,1.3048683831263035,w104,90.3555753194903,59.52812040689801,76.96012285557354,17.412165466057594,0.0025592778830475687,13.150682948430397,63.69647618494507,45.87224320846828,90.3555753194903,69.02385259385633,0,5
1.4693303318540403,1.362832358071061,0.22309667472367142,w104,82.58297542776528,39.37052646363605,72.73867758950092,23.457426389607114,0.0025592778830475687,9.105526991806913,57.039916356917374,40.61394407101667,82.58297542776528,61.72269627568982,1,1
0.09302783345430599,0.7856153020242971,0.3771429267385381,w104,85.5400195874288,47.9226472928152,72.86325928204135,15.076986834232686,0.0016342481761278593,10.701596845381147,58.16149934901062,41.4668062055837,85.5400195874288,64.24184632870015,0,40
0.6041859347904832,0.6134043584444658,0.1472508421538481,w104,66.20257127876953,19.043464126994383,59.349519454845385,17.282967774356077,0.0025592778830475687,4.406450712181475,42.261939924331045,29.79278179276585,66.20257127876953,49.73394877624935,2,20
0.020156904930402026,0.1636009448669444,0.08193718921775883,w104,66.3459020422017,23.503259193608038,56.32423331520409,10.763307983265422,0.0014827602648654222,5.319855615357713,40.19688733381745,28.92213260624561,66.3459020422017,48.833291789253686,0,80
0.470186944612905,4.831706174589493,2.391189571312677,w104,34.015110474323095,5.350675265529813,28.65388792729091,13.86512473633812,0.0025592778830475687,-0.390996777474231,21.423170344855702,14.814503543384989,34.015110474323095,25.631730694102735,4,10
0.16560946191516626,2.5088126369862196,1.2721688646203195,w104,31.492053642999345,3.8613593367798718,28.879976040503156,10.08221448295743,0.0025592778830475687,-0.18249498407155598,19.1176190159865,13.374039540168699,31.492053642999345,24.65202683409283,4,20
0.057175328094234076,0.9445934811110946,0.5104221012848518,w104,32.88935123581228,4.513975122566514,29.189297414235096,4.109411707560984,0.0005988723159449797,0.8401819262217902,18.700665748753377,12.891926003923713,32.88935123581228,25.72383619912352,2,80
0.16552456123299958,2.928133308479499,1.626360120010893,w104,25.61358337386796,1.6475895479718883,23.341123340926856,15.087441397328707,-0.0013713496757493744,-0.07986231327815745,15.944651059967413,11.673660340430962,25.61358337386796,20.62576725777903,4,40
2.0608639576960455,3.4173198931466113,0.9324737749883499,w104,35.28787970889066,5.823609926813261,29.594694217394814,20.583097947903898,0.0025592778830475687,-0.614420753478216,21.76769819134558,16.23913714624421,35.28787970889066,26.85636127401465,4,5
0.026846067154268762,0.6294157287910401,0.32433489519341707,w104,48.95400360252207,12.069148891458822,42.34503728749005,0.2532738717566938,0.0009261489895837273,2.7955638055218865,27.39934780598974,19.116757344818406,48.95400360252207,38.06581464758543,1,80
1.8407501445652834,7.606365495375852,4.819490616700118,w104,35.77471070333365,1.7812017720492468,32.35931310380296,30.552713198108627,0.0025592778830475687,-0.48517899039248935,24.814287964989735,17.96713785865139,35.77471070333365,30.846635967992242,4,1
0.8737047761994778,2.3074222974981065,0.8492344591773425,w104,79.29683677109908,34.100376855889095,68.61660269210931,16.70338187599747,0.0025592778830475687,7.307884321394451,54.32316165836767,37.19297192182002,79.29683677109908,59.314110124831174,1,20
2.618597285549733,1.581690778774819,2.001615975503667,w104,70.76353431610382,19.625498664590268,61.06898226728962,17.88276987250138,0.0025592778830475687,5.406309479317097,48.533911011999166,31.897652127097768,70.76353431610382,52.96682159708169,2,1
0.6052920988152143,2.3256437725810266,0.9877730227302702,w104,81.16247208283615,36.83979097140796,69.62145209479695,18.18889721123278,0.0025592778830475687,8.064065427600323,56.18161782670598,38.58012212749475,81.16247208283615,60.51933366228774,1,10
0.1263639002465944,0.4508910769775373,0.1931041727519135,w104,74.17435288717337,28.468088721984106,64.45289415820972,4.767030348737939,0.0010501851834703816,6.53831376839683,48.15468309344341,32.365201880446975,74.17435288717337,56.722251724751146,1,40
0.914939664191933,2.2414792688278298,0.8142411655975681,w104,81.97905917382482,38.3639811346567,70.20741818232861,21.82897072037063,0.0025592778830475687,8.253067253076381,56.96368907367074,39.65696354511584,81.97905917382482,60.91858135670249,1,5
1.0931152591399855,3.1308970802152842,2.1635462256916864,w104,90.71891559528845,60.3998892816438,76.97086754058684,22.56055640714148,0.0025592778830475687,13.66424841816146,64.21122100577398,46.93260821806843,90.71891559528845,68.85664628097477,0,1
7.563822458546288,0.7583739981436862,2.266279489867966,w97,8.622867041313917,28.950229847774324,-2.4660593713469656,-4.661778777028968,3.1083531678567367,11.325365913571328,-2.144502572555303,8.754165241635365,28.950229847774324,17.670085501802188,4,10
0.19714129185415943,0.026279143883839947,0.05838380330694531,w97,19.23760932427832,53.443951719040285,1.2825606140456758,-16.47090690773574,9.685393874919601,26.712798783358572,-3.877559312902592,18.672968648040115,53.443951719040285,33.06302086024745,0,80
5.229864863631377,1.9489036148782402,2.9142689420060024,w97,23.273689917941333,59.15553393607274,4.45660537653359,-9.52083022490597,11.146169307717479,29.380709414254035,-4.4747155177714255,20.201179099313794,59.15553393607274,36.48327093635085,2,5
1.5422977356001113,0.2765343081190061,0.476981712563328,w97,6.962983250469771,23.11869365085834,1.2822203230292402,-6.656760596269233,2.8225516557148445,10.96010246356689,-1.7151179844041629,7.645489989187498,23.11869365085834,14.19970572936506,4,20
3.921638461677931,1.2235231372558968,2.0120821317349216,w97,52.863035271291,84.49141989219629,8.148106844552634,-23.45404365144605,26.625505100454937,42.37318311056786,-6.316285523327366,34.895939913405165,84.49141989219629,53.60461502041621,0,5
1.2652042911981989,0.6322404508168104,0.10701777877541814,w97,4.896307230791554,18.527654038999064,3.516937048551221,-5.707614683891919,2.0688698571672437,8.696988871371936,-1.1742830927492327,6.369807831931738,18.527654038999064,11.067619799703747,4,40
0.40053812853059745,1.8544890849925062,1.3328643495578951,w97,37.37442846667557,73.97766627696599,-4.953456097298194,-17.077230294921648,18.979822741844245,38.17428607168348,-5.530976494467592,28.009695206265246,73.97766627696599,46.07492898288948,1,1
0.5913450232959347,0.1289564075482201,0.2604624233304694,w97,6.0769031420280255,22.178463855447745,-0.024778042932106628,-6.729948481246454,2.8801512340971835,11.24526536616768,-1.5373100195897877,7.2389743059298555,22.178463855447745,14.035540467130366,2,80
0.5254382966963245,0.19795162014015227,0.0677599069507857,w97,15.495048178700328,46.324905380584525,-0.09185720453372163,-13.234983089998005,7.84964946149157,23.391744844180774,-3.309555294406226,15.671106207699308,46.324905380584525,28.997957217106677,2,40
0.04566093942994721,0.2871678393140715,0.2054580132329049,w97,1.1067817215157767,6.698930414216564,-0.5913476829685053,-2.6846503136335476,0.7084330387239657,3.319267965671424,-0.42338321007399177,2.2189706209719677,6.698930414216564,4.207635982546267,4,80
2.615813441993122,0.963764601600445,1.4544350354456352,w97,51.704672647986854,83.77958011096392,5.484361038621797,-24.72060273300472,25.843424671341563,42.0740591672085,-6.220332162477376,34.261004647372104,83.77958011096392,53.4150762039819,0,10
0.7154943174277404,0.2772898179181577,0.40779647925424006,w97,48.72138873996155,82.12165193072067,6.586451254245393,-25.782938794683687,24.384492283072,41.14967446882183,-6.080725722741198,33.546760456320904,82.12165193072067,51.743361643028656,0,20
0.2873298278574234,0.07871117717546527,0.1409620585508202,w97,41.4855816492628,77.58340998005681,2.6447392074335005,-23.32249908735572,20.989494355307425,38.69778619463856,-5.734442924148208,30.065421914029,77.58340998005681,48.76097005446625,0,40
3.44052905837822,0.4358990534759252,1.1055137955299694,w97,6.927255713292864,27.170689576576333,-16.654804875553044,-4.716997355988262,3.2648225699801636,12.329872391022779,-1.8032291217458654,10.409667372022758,27.170689576576333,17.179117441013236,4,5
2.2597725519384126,1.3643065070975389,1.6354263637367201,w97,22.20772667035465,56.884064060039115,7.086500962990257,-13.609225423108564,10.666281254516552,28.27736019056788,-4.30443572478343,20.43365632662292,56.884064060039115,34.23145285516194,2,10
1.0185019904286996,0.9175504051859059,0.9452142697835245,w97,19.896341011109687,53.83220415228323,2.274108153912802,-14.453181875076332,9.896803697161804,26.853737256896316,-3.937498250434388,18.734839199553512,53.83220415228323,33.11180536840562,2,20
1.2666969692214989,0.5269039413385821,0.7472751350854426,w97,33.0158437593024,69.74675797813246,6.57485273801619,-21.433373292091048,16.586526243023712,35.04133123422183,-5.076564692975936,26.782178562537656,69.74675797813246,42.59790892938481,1,20
0.46566395871271676,0.11288808377056886,0.19052996694012786,w97,35.67603852160686,72.15980020475284,3.900165855713141,-23.251602771966194,17.864891807893034,36.267392766357275,-5.289569454922923,27.77278019760175,72.15980020475284,44.74125094458446,1,10
8.893364697474825,2.435978460074313,1.675081508989822,w97,3.620848382119268,21.106801449250714,-5.9671414901504045,-8.011510660648202,3.8449984980474583,14.135161113145367,-1.8865700882285186,8.367575954512846,21.106801449250714,13.257716198084044,4,1
0.4240438465471409,0.20591965093922865,0.27302692580588384,w97,26.69804264648509,63.499630396647824,-0.2592147773915761,-18.549076763270026,13.55318505484837,31.85598435582202,-4.586871589610342,22.714572226296465,63.499630396647824,39.676580901918356,1,40
5.39538110258418,0.8553638562905822,2.0358425683956347,w97,26.579287484909056,58.38730324269407,5.605547455438505,-15.628444755238599,11.373653281096963,31.856804149767115,-4.5118664503524615,21.991843831356682,58.38730324269407,36.08986710818611,2,1
0.6437324220862871,0.24104134888496237,0.36112291959800824,w97,10.706415505891806,36.70817272797353,0.7537698838213186,-11.408306021020419,5.455862384211018,18.525374687068453,-2.6039320369315604,12.308833320988299,36.70817272797353,22.893794417887314,1,80
1.3580391885209817,0.4669059795858148,0.719426712558244,w97,36.9878307216227,73.26157297614265,8.710548234517415,-19.658379207626997,18.51780632259057,37.16243707841171,-5.377390837334337,28.525137911178057,73.26157297614265,44.82540207539296,1,5
4.302879167419276,1.297993118534469,0.6575730655733569,w97,53.522976824443866,84.99886232792832,-10.820471412690173,-23.642588444613235,27.518228463408047,42.81290417784259,-6.234134210679038,35.65002369451504,84.99886232792832,53.675108891078985,0,1
6.835886741581387,8.151915538545234,5.001933823788541,w103,53.85437883196261,1.8691237906807048,-6.399885243700581,51.78342238411717,2.706069182972026,0.2931479412311689,11.575064005531479,18.35444162574225,53.85437883196261,44.89111898862278,2,1
0.37879718497306103,0.5654738140918023,0.34746376781093075,w103,30.910317307409233,10.70083012638547,-8.477752864400953,0.5587118228675015,1.9621452664120922,0.14195170364687873,4.541432411277432,8.184734500342795,30.910317307409233,20.36255433120845,1,80
11.389660435749411,11.789630323144333,6.1370317733942885,w103,81.98073712525749,49.82465746960015,-23.16029098552953,23.429514654576028,5.087280912541687,0.06830986363174239,29.602340300972973,30.450447330301376,81.98073712525749,52.5015164580243,0,1
13.211159975695438,10.261071953984963,4.634061047420559,w103,68.15315765683233,32.43095132654862,-18.30497208628745,11.476657254268387,4.548092994075066,0.18642809045009012,21.44897661977367,22.36417657546223,68.15315765683233,42.44149533573337,1,5
1.5265046784404621,0.9092382818520596,0.3243420076855626,w103,57.399252708632616,26.77299625005625,-15.020595449454678,4.455573531203463,3.6874306219318242,0.3698548690455791,11.441417050374879,17.02101721152847,57.399252708632616,36.942377679303405,1,40
5.381435954928369,4.028660488089278,1.7567737182242318,w103,64.35849288286707,28.799796439636296,-16.130259567591366,-6.059622669544136,4.138113179563172,0.14924887876368673,16.69708899126139,19.476088944175302,64.35849288286707,40.81405544716527,1,20
9.422962132900775,7.043349415059429,3.058095291378522,w103,66.99447915631217,30.828364683743228,-17.128223534082974,1.467905235595898,4.419317896374171,0.17493851487665701,19.641690233767385,20.09355989353607,66.99447915631217,43.649636256135736,1,10
18.70373844612921,12.045637191622141,4.697060678011256,w103,25.968409886971255,-5.905256455647282,-13.080580234190649,-13.987147112734196,2.9665751022573756,0.6729863467211785,1.042369218319755,9.08904633669167,25.968409886971255,17.074119475993225,4,1
2.54788576109789,1.9428781099631474,0.876121723450755,w103,73.301823878575,36.93119626655851,-18.818620106005465,12.871967046933847,4.608524662793902,0.3459460725306145,19.86983078380011,23.821129831028202,73.301823878575,46.0159713426905,0,40
12.633008038221954,6.953499264015346,2.466627021629181,w103,50.80501847207755,18.43539837054781,-12.38946373201549,13.534736368220285,3.224349128197103,-0.2433519267386511,13.25646042167467,15.984111202781651,50.80501847207755,30.779593397776726,2,10
1.199689283550712,0.12027406660721751,0.17470702329529414,w103,47.78827219778697,14.491915278193323,-11.602189659177975,0.08827961197442867,3.1607874929651962,0.14360918441954607,9.853405435549583,12.446922694295292,47.78827219778697,31.395642731402802,2,20
1.9031544167086232,1.7879273954589672,0.900426699227869,w103,40.77840884336614,7.476002100388131,-9.4138767920092,-9.531769056270223,2.643909392550123,0.14298344144260208,7.913678700860309,11.128661189555247,40.77840884336614,25.261438665966747,2,40
1.5133775427381906,1.6516626819853837,0.8986551006853155,w103,5.590197770624023,-1.0213170918770544,-1.762991924283012,5.8381351205873395,0.4049271236245752,-0.048598956060498064,0.5364867498821122,2.171807819562659,5.8381351205873395,4.600479916511768,4,80
1.3456867498152394,0.3918191416968548,0.11949917478838547,w103,80.45273271178503,45.88304319821237,-19.798193659785788,5.878026971109974,5.04814053463549,0.45981758544867724,23.047313858474084,25.795324074207347,80.45273271178503,52.95139831678174,0,10
33.597511151161285,25.669630454153438,11.420512955241007,w103,23.585936205969492,33.94070997615116,-9.564536742036857,43.56828721515708,1.8362299411943954,0.5549365808693226,-9.851704286552948,17.557477278275893,43.56828721515708,30.908117269419794,4,5
0.8049255267691682,0.6657916782491361,0.3719539021313189,w103,78.5879424657841,43.48681848635954,-19.516297341359913,12.146461507545071,4.959800302064612,0.5094051922366318,22.228365947714416,25.919298749009187,78.5879424657841,50.235870994342655,0,20
3.9759740531191707,0.5336455945381599,0.49505426981240724,w103,52.077372214543814,10.917179229213103,-13.584143714759366,38.963405961549086,3.459923827746103,-0.06843716387366497,12.972013580640377,18.86321081318936,52.077372214543814,35.701862842549936,2,5
7.217155972162763,6.1062406015003985,2.8632019721139845,w103,15.344956894871208,4.1991764192921455,-3.013187309676031,-1.3110502868563816,1.0508441651468472,0.35291516831192016,-0.19417596127863845,3.6380437436333106,15.344956894871208,10.41240374885885,4,40
1.343521319507475,1.5238718992105122,0.8675767788834313,w103,18.719986448112035,4.044429236790166,-4.8783107503389305,-0.01509426964547686,1.1822998448673192,-0.050124992238112454,2.369449284529555,4.465670689503085,18.719986448112035,12.719512510895848,2,80
18.797873577559777,19.569599722847563,10.341550010022946,w103,68.93278013433957,33.28453331094002,-26.371505507440666,15.740991024969187,4.727818239705561,0.4878204731975299,26.74752646798271,25.18471073693932,68.93278013433957,42.774499865622154,1,1
2.652640866259624,1.179339400221539,0.3901176796600775,w103,81.28465239180693,47.61641852541957,-21.06286378875565,29.41685160957237,5.111437667777188,0.43441714437969,22.82842431316692,29.679295062982614,81.28465239180693,51.65200600228313,0,5
18.441151770663172,16.01232409448561,7.610734675855762,w103,22.232193505734195,26.778445288449646,-4.990032827048545,19.233853778111175,1.4539241656635788,0.6161807521638558,-6.404569218712402,11.672742790840486,26.778445288449646,20.190005646393764,4,10
1.8724290748899963,1.3827741099526947,0.6088121056355403,w103,47.641900614175235,17.159010296469056,-12.43564337774403,7.73497523387718,3.033867316458003,0.09422622288115297,9.662953034927815,13.966082299504636,47.641900614175235,29.47184293259197,0,80
16.322226389318633,14.699590142303988,7.135973999768907,w103,19.30730460767171,8.790739324851229,-5.04398765759532,-6.4935244072891285,1.101797555493711,0.5720975420665032,-3.324361870165577,6.376258995019026,19.30730460767171,11.879993661260789,4,20
2.65693737703336,46.73983236497708,3.8044499910459004,w90,73.30073127379016,31.66534030415019,21.55117952976636,18.028026939251035,0.47824486053674575,-2.857326662455857,39.70023833885994,26.797298272687183,73.30073127379016,46.644659820477365,2,20
1.0665246355189575,5.186330976596882,1.0153639893049555,w90,75.54641938307772,14.522373213532683,28.6954651180469,-59.173415707887706,0.4846419084057479,4.784944078085045,64.20656125021473,35.34483152275008,75.54641938307772,58.15639840605613,2,10
1.0854900649710193,8.470852844474823,1.2392960054239035,w90,76.5233718180087,24.210373427797112,27.046102485079548,-98.5356272603119,0.493691721118904,4.801009914392448,62.398832951007556,42.00128708253088,98.5356272603119,70.74489971026028,2,5
0.33491933195194856,1.5096250992226143,0.25984925260585284,w90,89.1621316931932,46.50414074074577,33.39320309822907,26.540769520642538,0.5733743308537578,4.703543438486876,73.4544667344541,39.19023279380076,89.1621316931932,63.24480368633872,0,40
0.9589378977909975,14.408552546976294,0.7968755664473233,w90,91.66368736190145,52.82119842184837,34.42284761006492,38.04968752043702,0.592333273263689,5.072459401653914,73.9040215587092,42.36089073541122,91.66368736190145,65.13051648700201,0,20
2.2661944118308175,40.38545385786741,2.470264285346317,w90,92.52232173956831,56.58610533326199,35.137977133377326,46.7178305908106,0.5975618998522296,5.148688809999385,70.3702385517762,43.86867486552086,92.52232173956831,65.64540018368282,0,10
0.3313957349539855,2.845687279339171,0.09955178752114749,w90,14.746028563847869,-3.6784514861585516,4.289588603273806,6.640380166099195,0.09690900556345337,-1.531000040617482,15.015113250570652,6.57106730230443,15.015113250570652,11.332765663760217,4,80
0.6838613242286992,9.374094451887968,0.9208363957292354,w90,67.31122308041313,20.85614271418056,22.379391381637376,5.237180778417265,0.4365791536034805,-1.1790139403183246,47.525872670333854,23.56077195984343,67.31122308041313,47.01721951904815,2,40
2.308937880130992,47.77628445887863,3.8042244927488778,w90,87.21287003735178,35.42642390809372,27.299795208137343,-16.19659489475571,0.5453860700513572,5.045251958917286,82.20252854985607,36.27555008959475,87.21287003735178,65.57637065585973,1,1
0.985250640483673,11.279626423294395,0.5300873068488057,w90,92.88562581924262,56.391195476054605,35.61941017148587,35.27694102308756,0.6020193420968348,5.301618618595586,76.05024879725892,43.16100846397457,92.88562581924262,66.63759723963658,0,5
0.1580221034161047,0.6062418886504998,0.10338845363472861,w90,40.54340098071538,7.407242813901023,14.182113502320158,-2.0177195047374252,0.25730262306773466,-0.19944070924022503,28.522489500557974,13.304244233505703,40.54340098071538,29.17948035905369,2,80
1.5673533233633117,25.793067862331615,1.919140634315448,w90,34.0454318251597,-0.07881743233336357,7.492443046479551,-17.169292742492928,0.21650019842796728,3.808290497967755,37.42140141360052,14.318882450923113,37.42140141360052,29.181548999741402,4,40
1.6233645269027752,25.90422700249446,2.1062950226756785,w90,40.770198243417546,1.6312969822685877,15.421885337580745,4.36004942072607,0.24467402150919632,3.7384700405935285,41.97462134245084,15.448742198363789,41.97462134245084,34.19251673838587,4,20
1.2719929280323612,10.292594804502116,0.40771540551065727,w90,44.966377674638764,12.503803820758142,17.169113514876216,28.73017527426498,0.3358572354898205,4.528154211325925,23.51849049667928,18.82171031829045,44.966377674638764,29.390512883765503,4,5
0.18761835486191553,3.4730308382139947,0.23167398670615694,w90,73.25366844875379,23.650667008702523,28.162599837050543,12.322306581032919,0.47227584356125063,1.5801704074332643,55.541293453123394,27.85471165423681,73.25366844875379,51.07102394770793,0,80
1.1303983629724836,16.382939906760303,1.515233573540387,w90,43.662465395010024,7.0053972140223655,19.33277448278086,22.98235161670467,0.2825837608208052,4.283530279391805,37.033750294120296,19.226121863264403,43.662465395010024,31.559431083422226,4,10
0.25191449645687897,0.6755698784500853,0.19883824914115947,w90,57.78467952569755,15.60477372808368,21.191896567229684,4.9476830648401755,0.3718027142390827,2.440397836758564,41.01659912160863,20.479690365493912,57.78467952569755,40.07182083224333,1,80
3.37935427420621,33.589208013416034,4.639749478056024,w90,46.478292819726754,-17.10516993671784,29.20549255819182,-7.048950074920896,0.2897719538597586,-1.7883698576864226,56.54259317366977,22.63694862496761,56.54259317366977,41.3723991103077,4,1
0.6401321584988565,9.135514656292239,0.8170799808443081,w90,80.42768761548164,27.938519501423976,30.106254528502177,3.650730073660864,0.513784614746102,3.030935524815379,67.18513282214839,30.407577811539795,80.42768761548164,59.62884315355272,1,40
2.181214390570909,20.853680237896064,2.448886693755149,w90,77.19114209875418,23.63170770165079,28.669148965071628,-82.59965607199463,0.462445003999884,4.174016233150787,66.4338081418349,40.45170345949383,82.59965607199463,65.66080695902222,2,1
8.065477639558274,149.7192989705331,8.772247719064936,w90,93.16073045279053,57.05221389937795,35.31735937826594,70.24275168669618,0.6041940631937789,5.497297252847358,55.11884168535432,45.28476977407515,93.16073045279053,66.82760479410547,0,1
1.6846520276281032,22.55384361796739,1.7754261231008985,w90,86.68843357958683,42.029139514500194,32.57571194352861,-67.59199774254759,0.5400511592154396,4.902436503818142,74.42884998570361,44.10808863270006,86.68843357958683,66.31491001860458,1,5
0.6695158096160055,2.9526456504443788,0.5974406329080794,w90,86.06984993930325,36.84242119599581,32.27287372304658,-10.158154827617103,0.5451628517026705,4.955552064155112,71.24256392259655,34.58379693205958,86.06984993930325,62.00454093967711,1,10
0.5982721478323496,2.7940084897538426,0.5319663030055873,w90,84.58698545565392,34.52538766399916,31.83278014593873,4.055781343424435,0.5437903558016395,4.705232729964598,69.6852556108667,32.84788761509274,84.58698545565392,61.99661775835345,1,20
